2026-08-30 17:47:13 +07:00:    ▲ Next.js 15.5.22
2026-08-30 17:47:13 +07:00:    ▲ Next.js 15.5.22
2026-08-30 17:47:13 +07:00:    ▲ Next.js 15.5.22
2026-08-30 17:47:13 +07:00:    ▲ Next.js 15.5.22
2026-08-30 17:47:13 +07:00:    - Local:        http://localhost:3000
2026-08-30 17:47:13 +07:00:    - Network:      http://192.168.1.16:3000
2026-08-30 17:47:13 +07:00: 
2026-08-30 17:47:13 +07:00:  ✓ Starting...
2026-08-30 17:47:13 +07:00:    ▲ Next.js 15.5.22
2026-08-30 17:47:13 +07:00:    - Local:        http://localhost:3000
2026-08-30 17:47:13 +07:00:    - Network:      http://192.168.1.16:3000
2026-08-30 17:47:13 +07:00: 
2026-08-30 17:47:13 +07:00:  ✓ Starting...
2026-08-30 17:47:13 +07:00:    - Local:        http://localhost:3000
2026-08-30 17:47:13 +07:00:    - Network:      http://192.168.1.16:3000
2026-08-30 17:47:13 +07:00: 
2026-08-30 17:47:13 +07:00:  ✓ Starting...
2026-08-30 17:47:13 +07:00:    - Local:        http://localhost:3000
2026-08-30 17:47:13 +07:00:    - Network:      http://192.168.1.16:3000
2026-08-30 17:47:13 +07:00: 
2026-08-30 17:47:13 +07:00:  ✓ Starting...
2026-08-30 17:47:13 +07:00:    ▲ Next.js 15.5.22
2026-08-30 17:47:13 +07:00:    - Local:        http://localhost:3000
2026-08-30 17:47:13 +07:00:    - Network:      http://192.168.1.16:3000
2026-08-30 17:47:13 +07:00: 
2026-08-30 17:47:13 +07:00:  ✓ Starting...
2026-08-30 17:47:14 +07:00:    ▲ Next.js 15.5.22
2026-08-30 17:47:14 +07:00:    ▲ Next.js 15.5.22
2026-08-30 17:47:13 +07:00:    - Local:        http://localhost:3000
2026-08-30 17:47:13 +07:00:    - Network:      http://192.168.1.16:3000
2026-08-30 17:47:13 +07:00: 
2026-08-30 17:47:13 +07:00:  ✓ Starting...
2026-08-30 17:47:14 +07:00:    - Local:        http://localhost:3000
2026-08-30 17:47:14 +07:00:    - Network:      http://192.168.1.16:3000
2026-08-30 17:47:14 +07:00: 
2026-08-30 17:47:14 +07:00:  ✓ Starting...
2026-08-30 17:47:14 +07:00:    ▲ Next.js 15.5.22
2026-08-30 17:47:14 +07:00:    - Local:        http://localhost:3000
2026-08-30 17:47:14 +07:00:    - Network:      http://192.168.1.16:3000
2026-08-30 17:47:14 +07:00: 
2026-08-30 17:47:14 +07:00:  ✓ Starting...
2026-08-30 17:47:14 +07:00:    ▲ Next.js 15.5.22
2026-08-30 17:47:14 +07:00:    ▲ Next.js 15.5.22
2026-08-30 17:47:14 +07:00:    - Local:        http://localhost:3000
2026-08-30 17:47:14 +07:00:    - Network:      http://192.168.1.16:3000
2026-08-30 17:47:14 +07:00: 
2026-08-30 17:47:14 +07:00:  ✓ Starting...
2026-08-30 17:47:14 +07:00:    - Local:        http://localhost:3000
2026-08-30 17:47:14 +07:00:    - Network:      http://192.168.1.16:3000
2026-08-30 17:47:14 +07:00: 
2026-08-30 17:47:14 +07:00:  ✓ Starting...
2026-08-30 17:47:14 +07:00:    ▲ Next.js 15.5.22
2026-08-30 17:47:14 +07:00:    - Local:        http://localhost:3000
2026-08-30 17:47:14 +07:00:    - Network:      http://192.168.1.16:3000
2026-08-30 17:47:14 +07:00: 
2026-08-30 17:47:14 +07:00:  ✓ Starting...
2026-08-30 17:47:14 +07:00:    - Local:        http://localhost:3000
2026-08-30 17:47:14 +07:00:    - Network:      http://192.168.1.16:3000
2026-08-30 17:47:14 +07:00: 
2026-08-30 17:47:14 +07:00:  ✓ Starting...
2026-08-30 17:47:14 +07:00:  ✓ Ready in 1170ms
2026-08-30 17:47:14 +07:00:  ✓ Ready in 1167ms
2026-08-30 17:47:14 +07:00:  ✓ Ready in 1086ms
2026-08-30 17:47:14 +07:00:  ✓ Ready in 1126ms
2026-08-30 17:47:15 +07:00:  ✓ Ready in 1355ms
2026-08-30 17:47:15 +07:00:  ✓ Ready in 1321ms
2026-08-30 17:47:15 +07:00:  ✓ Ready in 1328ms
2026-08-30 17:47:15 +07:00:  ✓ Ready in 1384ms
2026-08-30 17:47:15 +07:00:  ✓ Ready in 1264ms
2026-08-30 17:47:15 +07:00:  ✓ Ready in 1348ms
2026-08-30 17:47:15 +07:00:  ✓ Ready in 1564ms
2026-08-30 17:47:15 +07:00:  ✓ Ready in 1483ms
2026-08-30 18:03:54 +07:00:    ▲ Next.js 15.5.22
2026-08-30 18:03:54 +07:00:    ▲ Next.js 15.5.22
2026-08-30 18:03:54 +07:00:    ▲ Next.js 15.5.22
2026-08-30 18:03:54 +07:00:    ▲ Next.js 15.5.22
2026-08-30 18:03:54 +07:00:    ▲ Next.js 15.5.22
2026-08-30 18:03:54 +07:00:    ▲ Next.js 15.5.22
2026-08-30 18:03:54 +07:00:    ▲ Next.js 15.5.22
2026-08-30 18:03:54 +07:00:    ▲ Next.js 15.5.22
2026-08-30 18:03:54 +07:00:    - Local:        http://localhost:3000
2026-08-30 18:03:54 +07:00:    - Network:      http://192.168.1.16:3000
2026-08-30 18:03:54 +07:00: 
2026-08-30 18:03:54 +07:00:  ✓ Starting...
2026-08-30 18:03:54 +07:00:    - Local:        http://localhost:3000
2026-08-30 18:03:54 +07:00:    - Network:      http://192.168.1.16:3000
2026-08-30 18:03:54 +07:00: 
2026-08-30 18:03:54 +07:00:  ✓ Starting...
2026-08-30 18:03:54 +07:00:    ▲ Next.js 15.5.22
2026-08-30 18:03:54 +07:00:    - Local:        http://localhost:3000
2026-08-30 18:03:54 +07:00:    - Network:      http://192.168.1.16:3000
2026-08-30 18:03:54 +07:00: 
2026-08-30 18:03:54 +07:00:  ✓ Starting...
2026-08-30 18:03:54 +07:00:    - Local:        http://localhost:3000
2026-08-30 18:03:54 +07:00:    - Network:      http://192.168.1.16:3000
2026-08-30 18:03:54 +07:00: 
2026-08-30 18:03:54 +07:00:  ✓ Starting...
2026-08-30 18:03:54 +07:00:    - Local:        http://localhost:3000
2026-08-30 18:03:54 +07:00:    - Network:      http://192.168.1.16:3000
2026-08-30 18:03:54 +07:00: 
2026-08-30 18:03:54 +07:00:  ✓ Starting...
2026-08-30 18:03:54 +07:00:    - Local:        http://localhost:3000
2026-08-30 18:03:54 +07:00:    - Network:      http://192.168.1.16:3000
2026-08-30 18:03:54 +07:00: 
2026-08-30 18:03:54 +07:00:  ✓ Starting...
2026-08-30 18:03:54 +07:00:    ▲ Next.js 15.5.22
2026-08-30 18:03:54 +07:00:    - Local:        http://localhost:3000
2026-08-30 18:03:54 +07:00:    - Network:      http://192.168.1.16:3000
2026-08-30 18:03:54 +07:00: 
2026-08-30 18:03:54 +07:00:  ✓ Starting...
2026-08-30 18:03:54 +07:00:    - Local:        http://localhost:3000
2026-08-30 18:03:54 +07:00:    - Network:      http://192.168.1.16:3000
2026-08-30 18:03:54 +07:00: 
2026-08-30 18:03:54 +07:00:  ✓ Starting...
2026-08-30 18:03:54 +07:00:    ▲ Next.js 15.5.22
2026-08-30 18:03:54 +07:00:    ▲ Next.js 15.5.22
2026-08-30 18:03:54 +07:00:    - Local:        http://localhost:3000
2026-08-30 18:03:54 +07:00:    - Network:      http://192.168.1.16:3000
2026-08-30 18:03:54 +07:00: 
2026-08-30 18:03:54 +07:00:  ✓ Starting...
2026-08-30 18:03:54 +07:00:    - Local:        http://localhost:3000
2026-08-30 18:03:54 +07:00:    - Network:      http://192.168.1.16:3000
2026-08-30 18:03:54 +07:00: 
2026-08-30 18:03:54 +07:00:  ✓ Starting...
2026-08-30 18:03:54 +07:00:    - Local:        http://localhost:3000
2026-08-30 18:03:54 +07:00:    - Network:      http://192.168.1.16:3000
2026-08-30 18:03:54 +07:00: 
2026-08-30 18:03:54 +07:00:  ✓ Starting...
2026-08-30 18:03:54 +07:00:    - Local:        http://localhost:3000
2026-08-30 18:03:54 +07:00:    - Network:      http://192.168.1.16:3000
2026-08-30 18:03:54 +07:00: 
2026-08-30 18:03:54 +07:00:  ✓ Starting...
2026-08-30 18:03:55 +07:00:    ▲ Next.js 15.5.22
2026-08-30 18:03:55 +07:00:    ▲ Next.js 15.5.22
2026-08-30 18:03:55 +07:00:    ▲ Next.js 15.5.22
2026-08-30 18:03:55 +07:00:    ▲ Next.js 15.5.22
2026-08-30 18:03:55 +07:00:    ▲ Next.js 15.5.22
2026-08-30 18:03:55 +07:00:    ▲ Next.js 15.5.22
2026-08-30 18:03:55 +07:00:    ▲ Next.js 15.5.22
2026-08-30 18:03:55 +07:00:    - Local:        http://localhost:3000
2026-08-30 18:03:55 +07:00:    - Network:      http://192.168.1.16:3000
2026-08-30 18:03:55 +07:00: 
2026-08-30 18:03:55 +07:00:  ✓ Starting...
2026-08-30 18:03:55 +07:00:    - Local:        http://localhost:3000
2026-08-30 18:03:55 +07:00:    - Network:      http://192.168.1.16:3000
2026-08-30 18:03:55 +07:00: 
2026-08-30 18:03:55 +07:00:  ✓ Starting...
2026-08-30 18:03:56 +07:00:    ▲ Next.js 15.5.22
2026-08-30 18:03:56 +07:00:    ▲ Next.js 15.5.22
2026-08-30 18:03:55 +07:00:    - Local:        http://localhost:3000
2026-08-30 18:03:55 +07:00:    - Network:      http://192.168.1.16:3000
2026-08-30 18:03:55 +07:00: 
2026-08-30 18:03:55 +07:00:  ✓ Starting...
2026-08-30 18:03:55 +07:00:    - Local:        http://localhost:3000
2026-08-30 18:03:55 +07:00:    - Network:      http://192.168.1.16:3000
2026-08-30 18:03:55 +07:00: 
2026-08-30 18:03:55 +07:00:  ✓ Starting...
2026-08-30 18:03:55 +07:00:    - Local:        http://localhost:3000
2026-08-30 18:03:55 +07:00:    - Network:      http://192.168.1.16:3000
2026-08-30 18:03:55 +07:00: 
2026-08-30 18:03:55 +07:00:  ✓ Starting...
2026-08-30 18:03:55 +07:00:    - Local:        http://localhost:3000
2026-08-30 18:03:55 +07:00:    - Network:      http://192.168.1.16:3000
2026-08-30 18:03:55 +07:00: 
2026-08-30 18:03:55 +07:00:  ✓ Starting...
2026-08-30 18:03:55 +07:00:    - Local:        http://localhost:3000
2026-08-30 18:03:55 +07:00:    - Network:      http://192.168.1.16:3000
2026-08-30 18:03:55 +07:00: 
2026-08-30 18:03:55 +07:00:  ✓ Starting...
2026-08-30 18:03:56 +07:00:    ▲ Next.js 15.5.22
2026-08-30 18:03:56 +07:00:    ▲ Next.js 15.5.22
2026-08-30 18:03:56 +07:00:    ▲ Next.js 15.5.22
2026-08-30 18:03:56 +07:00:    - Local:        http://localhost:3000
2026-08-30 18:03:56 +07:00:    - Network:      http://192.168.1.16:3000
2026-08-30 18:03:56 +07:00: 
2026-08-30 18:03:56 +07:00:  ✓ Starting...
2026-08-30 18:03:56 +07:00:    - Local:        http://localhost:3000
2026-08-30 18:03:56 +07:00:    - Network:      http://192.168.1.16:3000
2026-08-30 18:03:56 +07:00: 
2026-08-30 18:03:56 +07:00:  ✓ Starting...
2026-08-30 18:03:56 +07:00:    - Local:        http://localhost:3000
2026-08-30 18:03:56 +07:00:    - Network:      http://192.168.1.16:3000
2026-08-30 18:03:56 +07:00: 
2026-08-30 18:03:56 +07:00:  ✓ Starting...
2026-08-30 18:03:56 +07:00:    - Local:        http://localhost:3000
2026-08-30 18:03:56 +07:00:    - Network:      http://192.168.1.16:3000
2026-08-30 18:03:56 +07:00: 
2026-08-30 18:03:56 +07:00:  ✓ Starting...
2026-08-30 18:03:56 +07:00:    - Local:        http://localhost:3000
2026-08-30 18:03:56 +07:00:    - Network:      http://192.168.1.16:3000
2026-08-30 18:03:56 +07:00: 
2026-08-30 18:03:56 +07:00:  ✓ Starting...
2026-08-30 18:03:57 +07:00:    ▲ Next.js 15.5.22
2026-08-30 18:03:57 +07:00:    ▲ Next.js 15.5.22
2026-08-30 18:03:57 +07:00:    ▲ Next.js 15.5.22
2026-08-30 18:03:57 +07:00:    ▲ Next.js 15.5.22
2026-08-30 18:03:57 +07:00:    ▲ Next.js 15.5.22
2026-08-30 18:03:57 +07:00:    ▲ Next.js 15.5.22
2026-08-30 18:03:57 +07:00:    - Local:        http://localhost:3000
2026-08-30 18:03:57 +07:00:    - Network:      http://192.168.1.16:3000
2026-08-30 18:03:57 +07:00: 
2026-08-30 18:03:57 +07:00:  ✓ Starting...
2026-08-30 18:03:57 +07:00:    - Local:        http://localhost:3000
2026-08-30 18:03:57 +07:00:    - Network:      http://192.168.1.16:3000
2026-08-30 18:03:57 +07:00: 
2026-08-30 18:03:57 +07:00:  ✓ Starting...
2026-08-30 18:03:57 +07:00:    ▲ Next.js 15.5.22
2026-08-30 18:03:57 +07:00:    - Local:        http://localhost:3000
2026-08-30 18:03:57 +07:00:    - Network:      http://192.168.1.16:3000
2026-08-30 18:03:57 +07:00: 
2026-08-30 18:03:57 +07:00:  ✓ Starting...
2026-08-30 18:03:57 +07:00:    ▲ Next.js 15.5.22
2026-08-30 18:03:57 +07:00:    ▲ Next.js 15.5.22
2026-08-30 18:03:57 +07:00:    - Local:        http://localhost:3000
2026-08-30 18:03:57 +07:00:    - Network:      http://192.168.1.16:3000
2026-08-30 18:03:57 +07:00: 
2026-08-30 18:03:57 +07:00:  ✓ Starting...
2026-08-30 18:03:57 +07:00:    - Local:        http://localhost:3000
2026-08-30 18:03:57 +07:00:    - Network:      http://192.168.1.16:3000
2026-08-30 18:03:57 +07:00: 
2026-08-30 18:03:57 +07:00:  ✓ Starting...
2026-08-30 18:03:57 +07:00:    - Local:        http://localhost:3000
2026-08-30 18:03:57 +07:00:    - Network:      http://192.168.1.16:3000
2026-08-30 18:03:57 +07:00: 
2026-08-30 18:03:57 +07:00:  ✓ Starting...
2026-08-30 18:03:57 +07:00:    ▲ Next.js 15.5.22
2026-08-30 18:03:57 +07:00:    - Local:        http://localhost:3000
2026-08-30 18:03:57 +07:00:    - Network:      http://192.168.1.16:3000
2026-08-30 18:03:57 +07:00: 
2026-08-30 18:03:57 +07:00:  ✓ Starting...
2026-08-30 18:03:57 +07:00:    ▲ Next.js 15.5.22
2026-08-30 18:03:57 +07:00:    ▲ Next.js 15.5.22
2026-08-30 18:03:57 +07:00:    - Local:        http://localhost:3000
2026-08-30 18:03:57 +07:00:    - Network:      http://192.168.1.16:3000
2026-08-30 18:03:57 +07:00: 
2026-08-30 18:03:57 +07:00:  ✓ Starting...
2026-08-30 18:03:57 +07:00:    - Local:        http://localhost:3000
2026-08-30 18:03:57 +07:00:    - Network:      http://192.168.1.16:3000
2026-08-30 18:03:57 +07:00: 
2026-08-30 18:03:57 +07:00:  ✓ Starting...
2026-08-30 18:03:57 +07:00:    - Local:        http://localhost:3000
2026-08-30 18:03:57 +07:00:    - Network:      http://192.168.1.16:3000
2026-08-30 18:03:57 +07:00: 
2026-08-30 18:03:57 +07:00:  ✓ Starting...
2026-08-30 18:03:57 +07:00:    - Local:        http://localhost:3000
2026-08-30 18:03:57 +07:00:    - Network:      http://192.168.1.16:3000
2026-08-30 18:03:57 +07:00: 
2026-08-30 18:03:57 +07:00:  ✓ Starting...
2026-08-30 18:03:57 +07:00:    - Local:        http://localhost:3000
2026-08-30 18:03:57 +07:00:    - Network:      http://192.168.1.16:3000
2026-08-30 18:03:57 +07:00: 
2026-08-30 18:03:57 +07:00:  ✓ Starting...
2026-08-30 18:03:58 +07:00:    ▲ Next.js 15.5.22
2026-08-30 18:03:58 +07:00:    ▲ Next.js 15.5.22
2026-08-30 18:03:58 +07:00:    ▲ Next.js 15.5.22
2026-08-30 18:03:58 +07:00:    ▲ Next.js 15.5.22
2026-08-30 18:03:58 +07:00:    ▲ Next.js 15.5.22
2026-08-30 18:03:58 +07:00:    ▲ Next.js 15.5.22
2026-08-30 18:03:58 +07:00:    ▲ Next.js 15.5.22
2026-08-30 18:03:58 +07:00:    - Local:        http://localhost:3000
2026-08-30 18:03:58 +07:00:    - Network:      http://192.168.1.16:3000
2026-08-30 18:03:58 +07:00: 
2026-08-30 18:03:58 +07:00:  ✓ Starting...
2026-08-30 18:03:58 +07:00:    - Local:        http://localhost:3000
2026-08-30 18:03:58 +07:00:    - Network:      http://192.168.1.16:3000
2026-08-30 18:03:58 +07:00: 
2026-08-30 18:03:58 +07:00:  ✓ Starting...
2026-08-30 18:03:58 +07:00:    ▲ Next.js 15.5.22
2026-08-30 18:03:58 +07:00:    - Local:        http://localhost:3000
2026-08-30 18:03:58 +07:00:    - Network:      http://192.168.1.16:3000
2026-08-30 18:03:58 +07:00: 
2026-08-30 18:03:58 +07:00:  ✓ Starting...
2026-08-30 18:03:58 +07:00:    - Local:        http://localhost:3000
2026-08-30 18:03:58 +07:00:    - Network:      http://192.168.1.16:3000
2026-08-30 18:03:58 +07:00: 
2026-08-30 18:03:58 +07:00:  ✓ Starting...
2026-08-30 18:03:58 +07:00:    ▲ Next.js 15.5.22
2026-08-30 18:03:58 +07:00:    - Local:        http://localhost:3000
2026-08-30 18:03:58 +07:00:    - Network:      http://192.168.1.16:3000
2026-08-30 18:03:58 +07:00: 
2026-08-30 18:03:58 +07:00:  ✓ Starting...
2026-08-30 18:03:58 +07:00:    ▲ Next.js 15.5.22
2026-08-30 18:03:58 +07:00:    ▲ Next.js 15.5.22
2026-08-30 18:03:58 +07:00:    - Local:        http://localhost:3000
2026-08-30 18:03:58 +07:00:    - Network:      http://192.168.1.16:3000
2026-08-30 18:03:58 +07:00: 
2026-08-30 18:03:58 +07:00:  ✓ Starting...
2026-08-30 18:03:58 +07:00:    - Local:        http://localhost:3000
2026-08-30 18:03:58 +07:00:    - Network:      http://192.168.1.16:3000
2026-08-30 18:03:58 +07:00: 
2026-08-30 18:03:58 +07:00:  ✓ Starting...
2026-08-30 18:03:58 +07:00:    ▲ Next.js 15.5.22
2026-08-30 18:03:58 +07:00:    - Local:        http://localhost:3000
2026-08-30 18:03:58 +07:00:    - Network:      http://192.168.1.16:3000
2026-08-30 18:03:58 +07:00: 
2026-08-30 18:03:58 +07:00:  ✓ Starting...
2026-08-30 18:03:58 +07:00:    - Local:        http://localhost:3000
2026-08-30 18:03:58 +07:00:    - Network:      http://192.168.1.16:3000
2026-08-30 18:03:58 +07:00: 
2026-08-30 18:03:58 +07:00:  ✓ Starting...
2026-08-30 18:03:58 +07:00:    - Local:        http://localhost:3000
2026-08-30 18:03:58 +07:00:    - Network:      http://192.168.1.16:3000
2026-08-30 18:03:58 +07:00: 
2026-08-30 18:03:58 +07:00:  ✓ Starting...
2026-08-30 18:03:58 +07:00:    - Local:        http://localhost:3000
2026-08-30 18:03:58 +07:00:    - Network:      http://192.168.1.16:3000
2026-08-30 18:03:58 +07:00: 
2026-08-30 18:03:58 +07:00:  ✓ Starting...
2026-08-30 18:03:58 +07:00:    - Local:        http://localhost:3000
2026-08-30 18:03:58 +07:00:    - Network:      http://192.168.1.16:3000
2026-08-30 18:03:58 +07:00: 
2026-08-30 18:03:58 +07:00:  ✓ Starting...
2026-08-30 18:03:59 +07:00:    ▲ Next.js 15.5.22
2026-08-30 18:03:59 +07:00:    ▲ Next.js 15.5.22
2026-08-30 18:03:59 +07:00:    ▲ Next.js 15.5.22
2026-08-30 18:03:59 +07:00:    ▲ Next.js 15.5.22
2026-08-30 18:03:59 +07:00:    - Local:        http://localhost:3000
2026-08-30 18:03:59 +07:00:    - Network:      http://192.168.1.16:3000
2026-08-30 18:03:59 +07:00: 
2026-08-30 18:03:59 +07:00:  ✓ Starting...
2026-08-30 18:03:59 +07:00:    - Local:        http://localhost:3000
2026-08-30 18:03:59 +07:00:    - Network:      http://192.168.1.16:3000
2026-08-30 18:03:59 +07:00: 
2026-08-30 18:03:59 +07:00:  ✓ Starting...
2026-08-30 18:03:59 +07:00:    ▲ Next.js 15.5.22
2026-08-30 18:03:59 +07:00:    ▲ Next.js 15.5.22
2026-08-30 18:03:59 +07:00:    - Local:        http://localhost:3000
2026-08-30 18:03:59 +07:00:    - Network:      http://192.168.1.16:3000
2026-08-30 18:03:59 +07:00: 
2026-08-30 18:03:59 +07:00:  ✓ Starting...
2026-08-30 18:03:59 +07:00:    ▲ Next.js 15.5.22
2026-08-30 18:03:59 +07:00:    ▲ Next.js 15.5.22
2026-08-30 18:03:59 +07:00:    ▲ Next.js 15.5.22
2026-08-30 18:04:00 +07:00:    ▲ Next.js 15.5.22
2026-08-30 18:03:59 +07:00:    - Local:        http://localhost:3000
2026-08-30 18:03:59 +07:00:    - Network:      http://192.168.1.16:3000
2026-08-30 18:03:59 +07:00: 
2026-08-30 18:03:59 +07:00:  ✓ Starting...
2026-08-30 18:03:59 +07:00:    - Local:        http://localhost:3000
2026-08-30 18:03:59 +07:00:    - Network:      http://192.168.1.16:3000
2026-08-30 18:03:59 +07:00: 
2026-08-30 18:03:59 +07:00:  ✓ Starting...
2026-08-30 18:04:00 +07:00:    ▲ Next.js 15.5.22
2026-08-30 18:03:59 +07:00:    - Local:        http://localhost:3000
2026-08-30 18:03:59 +07:00:    - Network:      http://192.168.1.16:3000
2026-08-30 18:03:59 +07:00: 
2026-08-30 18:03:59 +07:00:  ✓ Starting...
2026-08-30 18:03:59 +07:00:    - Local:        http://localhost:3000
2026-08-30 18:03:59 +07:00:    - Network:      http://192.168.1.16:3000
2026-08-30 18:03:59 +07:00: 
2026-08-30 18:03:59 +07:00:  ✓ Starting...
2026-08-30 18:03:59 +07:00:    - Local:        http://localhost:3000
2026-08-30 18:03:59 +07:00:    - Network:      http://192.168.1.16:3000
2026-08-30 18:03:59 +07:00: 
2026-08-30 18:03:59 +07:00:  ✓ Starting...
2026-08-30 18:03:59 +07:00:    - Local:        http://localhost:3000
2026-08-30 18:03:59 +07:00:    - Network:      http://192.168.1.16:3000
2026-08-30 18:03:59 +07:00: 
2026-08-30 18:03:59 +07:00:  ✓ Starting...
2026-08-30 18:04:00 +07:00:    - Local:        http://localhost:3000
2026-08-30 18:04:00 +07:00:    - Network:      http://192.168.1.16:3000
2026-08-30 18:04:00 +07:00: 
2026-08-30 18:04:00 +07:00:  ✓ Starting...
2026-08-30 18:04:00 +07:00:    - Local:        http://localhost:3000
2026-08-30 18:04:00 +07:00:    - Network:      http://192.168.1.16:3000
2026-08-30 18:04:00 +07:00: 
2026-08-30 18:04:00 +07:00:  ✓ Starting...
2026-08-30 18:04:00 +07:00:    ▲ Next.js 15.5.22
2026-08-30 18:04:00 +07:00:    - Local:        http://localhost:3000
2026-08-30 18:04:00 +07:00:    - Network:      http://192.168.1.16:3000
2026-08-30 18:04:00 +07:00: 
2026-08-30 18:04:00 +07:00:  ✓ Starting...
2026-08-30 18:04:01 +07:00:    ▲ Next.js 15.5.22
2026-08-30 18:04:01 +07:00:    ▲ Next.js 15.5.22
2026-08-30 18:04:01 +07:00:    ▲ Next.js 15.5.22
2026-08-30 18:04:01 +07:00:    ▲ Next.js 15.5.22
2026-08-30 18:04:01 +07:00:    - Local:        http://localhost:3000
2026-08-30 18:04:01 +07:00:    - Network:      http://192.168.1.16:3000
2026-08-30 18:04:01 +07:00: 
2026-08-30 18:04:01 +07:00:  ✓ Starting...
2026-08-30 18:04:01 +07:00:    - Local:        http://localhost:3000
2026-08-30 18:04:01 +07:00:    - Network:      http://192.168.1.16:3000
2026-08-30 18:04:01 +07:00: 
2026-08-30 18:04:01 +07:00:  ✓ Starting...
2026-08-30 18:04:01 +07:00:    ▲ Next.js 15.5.22
2026-08-30 18:04:01 +07:00:    ▲ Next.js 15.5.22
2026-08-30 18:04:01 +07:00:    ▲ Next.js 15.5.22
2026-08-30 18:04:01 +07:00:    ▲ Next.js 15.5.22
2026-08-30 18:04:01 +07:00:    - Local:        http://localhost:3000
2026-08-30 18:04:01 +07:00:    - Network:      http://192.168.1.16:3000
2026-08-30 18:04:01 +07:00: 
2026-08-30 18:04:01 +07:00:  ✓ Starting...
2026-08-30 18:04:01 +07:00:    - Local:        http://localhost:3000
2026-08-30 18:04:01 +07:00:    - Network:      http://192.168.1.16:3000
2026-08-30 18:04:01 +07:00: 
2026-08-30 18:04:01 +07:00:  ✓ Starting...
2026-08-30 18:04:01 +07:00:    ▲ Next.js 15.5.22
2026-08-30 18:04:01 +07:00:    ▲ Next.js 15.5.22
2026-08-30 18:04:01 +07:00:    - Local:        http://localhost:3000
2026-08-30 18:04:01 +07:00:    - Network:      http://192.168.1.16:3000
2026-08-30 18:04:01 +07:00: 
2026-08-30 18:04:01 +07:00:  ✓ Starting...
2026-08-30 18:04:01 +07:00:    - Local:        http://localhost:3000
2026-08-30 18:04:01 +07:00:    - Network:      http://192.168.1.16:3000
2026-08-30 18:04:01 +07:00: 
2026-08-30 18:04:01 +07:00:  ✓ Starting...
2026-08-30 18:04:01 +07:00:    - Local:        http://localhost:3000
2026-08-30 18:04:01 +07:00:    - Network:      http://192.168.1.16:3000
2026-08-30 18:04:01 +07:00: 
2026-08-30 18:04:01 +07:00:  ✓ Starting...
2026-08-30 18:04:01 +07:00:    - Local:        http://localhost:3000
2026-08-30 18:04:01 +07:00:    - Network:      http://192.168.1.16:3000
2026-08-30 18:04:01 +07:00: 
2026-08-30 18:04:01 +07:00:  ✓ Starting...
2026-08-30 18:04:01 +07:00:    - Local:        http://localhost:3000
2026-08-30 18:04:01 +07:00:    - Network:      http://192.168.1.16:3000
2026-08-30 18:04:01 +07:00: 
2026-08-30 18:04:01 +07:00:  ✓ Starting...
2026-08-30 18:04:01 +07:00:    - Local:        http://localhost:3000
2026-08-30 18:04:01 +07:00:    - Network:      http://192.168.1.16:3000
2026-08-30 18:04:01 +07:00: 
2026-08-30 18:04:01 +07:00:  ✓ Starting...
2026-08-30 18:04:01 +07:00:    ▲ Next.js 15.5.22
2026-08-30 18:04:01 +07:00:    ▲ Next.js 15.5.22
2026-08-30 18:04:01 +07:00:    - Local:        http://localhost:3000
2026-08-30 18:04:01 +07:00:    - Network:      http://192.168.1.16:3000
2026-08-30 18:04:01 +07:00: 
2026-08-30 18:04:01 +07:00:  ✓ Starting...
2026-08-30 18:04:01 +07:00:    - Local:        http://localhost:3000
2026-08-30 18:04:01 +07:00:    - Network:      http://192.168.1.16:3000
2026-08-30 18:04:01 +07:00: 
2026-08-30 18:04:01 +07:00:  ✓ Starting...
2026-08-30 18:04:02 +07:00:    ▲ Next.js 15.5.22
2026-08-30 18:04:02 +07:00:    ▲ Next.js 15.5.22
2026-08-30 18:04:02 +07:00:    - Local:        http://localhost:3000
2026-08-30 18:04:02 +07:00:    - Network:      http://192.168.1.16:3000
2026-08-30 18:04:02 +07:00: 
2026-08-30 18:04:02 +07:00:  ✓ Starting...
2026-08-30 18:04:02 +07:00:    - Local:        http://localhost:3000
2026-08-30 18:04:02 +07:00:    - Network:      http://192.168.1.16:3000
2026-08-30 18:04:02 +07:00: 
2026-08-30 18:04:02 +07:00:  ✓ Starting...
2026-08-30 18:04:02 +07:00:    ▲ Next.js 15.5.22
2026-08-30 18:04:02 +07:00:    ▲ Next.js 15.5.22
2026-08-30 18:04:02 +07:00:    ▲ Next.js 15.5.22
2026-08-30 18:04:02 +07:00:    ▲ Next.js 15.5.22
2026-08-30 18:04:02 +07:00:    ▲ Next.js 15.5.22
2026-08-30 18:04:02 +07:00:    ▲ Next.js 15.5.22
2026-08-30 18:04:02 +07:00:    ▲ Next.js 15.5.22
2026-08-30 18:04:02 +07:00:    - Local:        http://localhost:3000
2026-08-30 18:04:02 +07:00:    - Network:      http://192.168.1.16:3000
2026-08-30 18:04:02 +07:00: 
2026-08-30 18:04:02 +07:00:  ✓ Starting...
2026-08-30 18:04:02 +07:00:    - Local:        http://localhost:3000
2026-08-30 18:04:02 +07:00:    - Network:      http://192.168.1.16:3000
2026-08-30 18:04:02 +07:00: 
2026-08-30 18:04:02 +07:00:  ✓ Starting...
2026-08-30 18:04:02 +07:00:    ▲ Next.js 15.5.22
2026-08-30 18:04:02 +07:00:    - Local:        http://localhost:3000
2026-08-30 18:04:02 +07:00:    - Network:      http://192.168.1.16:3000
2026-08-30 18:04:02 +07:00: 
2026-08-30 18:04:02 +07:00:  ✓ Starting...
2026-08-30 18:04:02 +07:00:    - Local:        http://localhost:3000
2026-08-30 18:04:02 +07:00:    - Network:      http://192.168.1.16:3000
2026-08-30 18:04:02 +07:00: 
2026-08-30 18:04:02 +07:00:  ✓ Starting...
2026-08-30 18:04:02 +07:00:    - Local:        http://localhost:3000
2026-08-30 18:04:02 +07:00:    - Network:      http://192.168.1.16:3000
2026-08-30 18:04:02 +07:00: 
2026-08-30 18:04:02 +07:00:  ✓ Starting...
2026-08-30 18:04:02 +07:00:    - Local:        http://localhost:3000
2026-08-30 18:04:02 +07:00:    - Network:      http://192.168.1.16:3000
2026-08-30 18:04:02 +07:00: 
2026-08-30 18:04:02 +07:00:  ✓ Starting...
2026-08-30 18:04:02 +07:00:    - Local:        http://localhost:3000
2026-08-30 18:04:02 +07:00:    - Network:      http://192.168.1.16:3000
2026-08-30 18:04:02 +07:00: 
2026-08-30 18:04:02 +07:00:  ✓ Starting...
2026-08-30 18:04:02 +07:00:    - Local:        http://localhost:3000
2026-08-30 18:04:02 +07:00:    - Network:      http://192.168.1.16:3000
2026-08-30 18:04:02 +07:00: 
2026-08-30 18:04:02 +07:00:  ✓ Starting...
2026-08-30 18:04:03 +07:00:    ▲ Next.js 15.5.22
2026-08-30 18:04:03 +07:00:    ▲ Next.js 15.5.22
2026-08-30 18:04:03 +07:00:    - Local:        http://localhost:3000
2026-08-30 18:04:03 +07:00:    - Network:      http://192.168.1.16:3000
2026-08-30 18:04:03 +07:00: 
2026-08-30 18:04:03 +07:00:  ✓ Starting...
2026-08-30 18:04:03 +07:00:    - Local:        http://localhost:3000
2026-08-30 18:04:03 +07:00:    - Network:      http://192.168.1.16:3000
2026-08-30 18:04:03 +07:00: 
2026-08-30 18:04:03 +07:00:  ✓ Starting...
2026-08-30 18:04:03 +07:00:    ▲ Next.js 15.5.22
2026-08-30 18:04:04 +07:00:    ▲ Next.js 15.5.22
2026-08-30 18:04:04 +07:00:    ▲ Next.js 15.5.22
2026-08-30 18:04:03 +07:00:    - Local:        http://localhost:3000
2026-08-30 18:04:03 +07:00:    - Network:      http://192.168.1.16:3000
2026-08-30 18:04:03 +07:00: 
2026-08-30 18:04:03 +07:00:  ✓ Starting...
2026-08-30 18:04:04 +07:00:    - Local:        http://localhost:3000
2026-08-30 18:04:04 +07:00:    - Network:      http://192.168.1.16:3000
2026-08-30 18:04:04 +07:00: 
2026-08-30 18:04:04 +07:00:  ✓ Starting...
2026-08-30 18:04:04 +07:00:    ▲ Next.js 15.5.22
2026-08-30 18:04:04 +07:00:    ▲ Next.js 15.5.22
2026-08-30 18:04:04 +07:00:    - Local:        http://localhost:3000
2026-08-30 18:04:04 +07:00:    - Network:      http://192.168.1.16:3000
2026-08-30 18:04:04 +07:00: 
2026-08-30 18:04:04 +07:00:  ✓ Starting...
2026-08-30 18:04:04 +07:00:    ▲ Next.js 15.5.22
2026-08-30 18:04:04 +07:00:    ▲ Next.js 15.5.22
2026-08-30 18:04:04 +07:00:    ▲ Next.js 15.5.22
2026-08-30 18:04:04 +07:00:    - Local:        http://localhost:3000
2026-08-30 18:04:04 +07:00:    - Network:      http://192.168.1.16:3000
2026-08-30 18:04:04 +07:00: 
2026-08-30 18:04:04 +07:00:  ✓ Starting...
2026-08-30 18:04:04 +07:00:    ▲ Next.js 15.5.22
2026-08-30 18:04:04 +07:00:    ▲ Next.js 15.5.22
2026-08-30 18:04:04 +07:00:    - Local:        http://localhost:3000
2026-08-30 18:04:04 +07:00:    - Network:      http://192.168.1.16:3000
2026-08-30 18:04:04 +07:00: 
2026-08-30 18:04:04 +07:00:  ✓ Starting...
2026-08-30 18:04:04 +07:00:    - Local:        http://localhost:3000
2026-08-30 18:04:04 +07:00:    - Network:      http://192.168.1.16:3000
2026-08-30 18:04:04 +07:00: 
2026-08-30 18:04:04 +07:00:  ✓ Starting...
2026-08-30 18:04:04 +07:00:    - Local:        http://localhost:3000
2026-08-30 18:04:04 +07:00:    - Network:      http://192.168.1.16:3000
2026-08-30 18:04:04 +07:00: 
2026-08-30 18:04:04 +07:00:  ✓ Starting...
2026-08-30 18:04:04 +07:00:    - Local:        http://localhost:3000
2026-08-30 18:04:04 +07:00:    - Network:      http://192.168.1.16:3000
2026-08-30 18:04:04 +07:00: 
2026-08-30 18:04:04 +07:00:  ✓ Starting...
2026-08-30 18:04:04 +07:00:    ▲ Next.js 15.5.22
2026-08-30 18:04:04 +07:00:    - Local:        http://localhost:3000
2026-08-30 18:04:04 +07:00:    - Network:      http://192.168.1.16:3000
2026-08-30 18:04:04 +07:00: 
2026-08-30 18:04:04 +07:00:  ✓ Starting...
2026-08-30 18:04:04 +07:00:    - Local:        http://localhost:3000
2026-08-30 18:04:04 +07:00:    - Network:      http://192.168.1.16:3000
2026-08-30 18:04:04 +07:00: 
2026-08-30 18:04:04 +07:00:  ✓ Starting...
2026-08-30 18:04:04 +07:00:    ▲ Next.js 15.5.22
2026-08-30 18:04:04 +07:00:    - Local:        http://localhost:3000
2026-08-30 18:04:04 +07:00:    - Network:      http://192.168.1.16:3000
2026-08-30 18:04:04 +07:00: 
2026-08-30 18:04:04 +07:00:  ✓ Starting...
2026-08-30 18:04:04 +07:00:    - Local:        http://localhost:3000
2026-08-30 18:04:04 +07:00:    - Network:      http://192.168.1.16:3000
2026-08-30 18:04:04 +07:00: 
2026-08-30 18:04:04 +07:00:  ✓ Starting...
2026-08-30 18:04:05 +07:00:    ▲ Next.js 15.5.22
2026-08-30 18:04:05 +07:00:    ▲ Next.js 15.5.22
2026-08-30 18:04:05 +07:00:    ▲ Next.js 15.5.22
2026-08-30 18:04:05 +07:00:    ▲ Next.js 15.5.22
2026-08-30 18:04:05 +07:00:    - Local:        http://localhost:3000
2026-08-30 18:04:05 +07:00:    - Network:      http://192.168.1.16:3000
2026-08-30 18:04:05 +07:00: 
2026-08-30 18:04:05 +07:00:  ✓ Starting...
2026-08-30 18:04:05 +07:00:    ▲ Next.js 15.5.22
2026-08-30 18:04:05 +07:00:    - Local:        http://localhost:3000
2026-08-30 18:04:05 +07:00:    - Network:      http://192.168.1.16:3000
2026-08-30 18:04:05 +07:00: 
2026-08-30 18:04:05 +07:00:  ✓ Starting...
2026-08-30 18:04:05 +07:00:    - Local:        http://localhost:3000
2026-08-30 18:04:05 +07:00:    - Network:      http://192.168.1.16:3000
2026-08-30 18:04:05 +07:00: 
2026-08-30 18:04:05 +07:00:  ✓ Starting...
2026-08-30 18:04:05 +07:00:    - Local:        http://localhost:3000
2026-08-30 18:04:05 +07:00:    - Network:      http://192.168.1.16:3000
2026-08-30 18:04:05 +07:00: 
2026-08-30 18:04:05 +07:00:  ✓ Starting...
2026-08-30 18:04:05 +07:00:    ▲ Next.js 15.5.22
2026-08-30 18:04:05 +07:00:    ▲ Next.js 15.5.22
2026-08-30 18:04:05 +07:00:    ▲ Next.js 15.5.22
2026-08-30 18:04:05 +07:00:    - Local:        http://localhost:3000
2026-08-30 18:04:05 +07:00:    - Network:      http://192.168.1.16:3000
2026-08-30 18:04:05 +07:00: 
2026-08-30 18:04:05 +07:00:  ✓ Starting...
2026-08-30 18:04:05 +07:00:    ▲ Next.js 15.5.22
2026-08-30 18:04:05 +07:00:    ▲ Next.js 15.5.22
2026-08-30 18:04:05 +07:00:    - Local:        http://localhost:3000
2026-08-30 18:04:05 +07:00:    - Network:      http://192.168.1.16:3000
2026-08-30 18:04:05 +07:00: 
2026-08-30 18:04:05 +07:00:  ✓ Starting...
2026-08-30 18:04:05 +07:00:    - Local:        http://localhost:3000
2026-08-30 18:04:05 +07:00:    - Network:      http://192.168.1.16:3000
2026-08-30 18:04:05 +07:00: 
2026-08-30 18:04:05 +07:00:  ✓ Starting...
2026-08-30 18:04:05 +07:00:    ▲ Next.js 15.5.22
2026-08-30 18:04:05 +07:00:    - Local:        http://localhost:3000
2026-08-30 18:04:05 +07:00:    - Network:      http://192.168.1.16:3000
2026-08-30 18:04:05 +07:00: 
2026-08-30 18:04:05 +07:00:  ✓ Starting...
2026-08-30 18:04:05 +07:00:    - Local:        http://localhost:3000
2026-08-30 18:04:05 +07:00:    - Network:      http://192.168.1.16:3000
2026-08-30 18:04:05 +07:00: 
2026-08-30 18:04:05 +07:00:  ✓ Starting...
2026-08-30 18:04:05 +07:00:    - Local:        http://localhost:3000
2026-08-30 18:04:05 +07:00:    - Network:      http://192.168.1.16:3000
2026-08-30 18:04:05 +07:00: 
2026-08-30 18:04:05 +07:00:  ✓ Starting...
2026-08-30 18:04:05 +07:00:    - Local:        http://localhost:3000
2026-08-30 18:04:05 +07:00:    - Network:      http://192.168.1.16:3000
2026-08-30 18:04:05 +07:00: 
2026-08-30 18:04:05 +07:00:  ✓ Starting...
2026-08-30 18:04:06 +07:00:    ▲ Next.js 15.5.22
2026-08-30 18:04:06 +07:00:    - Local:        http://localhost:3000
2026-08-30 18:04:06 +07:00:    - Network:      http://192.168.1.16:3000
2026-08-30 18:04:06 +07:00: 
2026-08-30 18:04:06 +07:00:  ✓ Starting...
2026-08-30 18:04:06 +07:00:    ▲ Next.js 15.5.22
2026-08-30 18:04:06 +07:00:    ▲ Next.js 15.5.22
2026-08-30 18:04:06 +07:00:    ▲ Next.js 15.5.22
2026-08-30 18:04:06 +07:00:    ▲ Next.js 15.5.22
2026-08-30 18:04:06 +07:00:    - Local:        http://localhost:3000
2026-08-30 18:04:06 +07:00:    - Network:      http://192.168.1.16:3000
2026-08-30 18:04:06 +07:00: 
2026-08-30 18:04:06 +07:00:  ✓ Starting...
2026-08-30 18:04:06 +07:00:    - Local:        http://localhost:3000
2026-08-30 18:04:06 +07:00:    - Network:      http://192.168.1.16:3000
2026-08-30 18:04:06 +07:00: 
2026-08-30 18:04:06 +07:00:  ✓ Starting...
2026-08-30 18:04:06 +07:00:    ▲ Next.js 15.5.22
2026-08-30 18:04:06 +07:00:    - Local:        http://localhost:3000
2026-08-30 18:04:06 +07:00:    - Network:      http://192.168.1.16:3000
2026-08-30 18:04:06 +07:00: 
2026-08-30 18:04:06 +07:00:  ✓ Starting...
2026-08-30 18:04:06 +07:00:    - Local:        http://localhost:3000
2026-08-30 18:04:06 +07:00:    - Network:      http://192.168.1.16:3000
2026-08-30 18:04:06 +07:00: 
2026-08-30 18:04:06 +07:00:  ✓ Starting...
2026-08-30 18:04:07 +07:00:    ▲ Next.js 15.5.22
2026-08-30 18:04:07 +07:00:    ▲ Next.js 15.5.22
2026-08-30 18:04:07 +07:00:    ▲ Next.js 15.5.22
2026-08-30 18:04:06 +07:00:    - Local:        http://localhost:3000
2026-08-30 18:04:06 +07:00:    - Network:      http://192.168.1.16:3000
2026-08-30 18:04:06 +07:00: 
2026-08-30 18:04:06 +07:00:  ✓ Starting...
2026-08-30 18:04:07 +07:00:    ▲ Next.js 15.5.22
2026-08-30 18:04:07 +07:00:    - Local:        http://localhost:3000
2026-08-30 18:04:07 +07:00:    - Network:      http://192.168.1.16:3000
2026-08-30 18:04:07 +07:00: 
2026-08-30 18:04:07 +07:00:  ✓ Starting...
2026-08-30 18:04:07 +07:00:    - Local:        http://localhost:3000
2026-08-30 18:04:07 +07:00:    - Network:      http://192.168.1.16:3000
2026-08-30 18:04:07 +07:00: 
2026-08-30 18:04:07 +07:00:  ✓ Starting...
2026-08-30 18:04:07 +07:00:    - Local:        http://localhost:3000
2026-08-30 18:04:07 +07:00:    - Network:      http://192.168.1.16:3000
2026-08-30 18:04:07 +07:00: 
2026-08-30 18:04:07 +07:00:  ✓ Starting...
2026-08-30 18:04:07 +07:00:    ▲ Next.js 15.5.22
2026-08-30 18:04:07 +07:00:    - Local:        http://localhost:3000
2026-08-30 18:04:07 +07:00:    - Network:      http://192.168.1.16:3000
2026-08-30 18:04:07 +07:00: 
2026-08-30 18:04:07 +07:00:  ✓ Starting...
2026-08-30 18:04:07 +07:00:    ▲ Next.js 15.5.22
2026-08-30 18:04:07 +07:00:    - Local:        http://localhost:3000
2026-08-30 18:04:07 +07:00:    - Network:      http://192.168.1.16:3000
2026-08-30 18:04:07 +07:00: 
2026-08-30 18:04:07 +07:00:  ✓ Starting...
2026-08-30 18:04:07 +07:00:    - Local:        http://localhost:3000
2026-08-30 18:04:07 +07:00:    - Network:      http://192.168.1.16:3000
2026-08-30 18:04:07 +07:00: 
2026-08-30 18:04:07 +07:00:  ✓ Starting...
2026-08-30 18:04:07 +07:00:    ▲ Next.js 15.5.22
2026-08-30 18:04:07 +07:00:    - Local:        http://localhost:3000
2026-08-30 18:04:07 +07:00:    - Network:      http://192.168.1.16:3000
2026-08-30 18:04:07 +07:00: 
2026-08-30 18:04:07 +07:00:  ✓ Starting...
2026-08-30 18:04:08 +07:00:    ▲ Next.js 15.5.22
2026-08-30 18:04:08 +07:00:    ▲ Next.js 15.5.22
2026-08-30 18:04:08 +07:00:    ▲ Next.js 15.5.22
2026-08-30 18:04:08 +07:00:    ▲ Next.js 15.5.22
2026-08-30 18:04:08 +07:00:    - Local:        http://localhost:3000
2026-08-30 18:04:08 +07:00:    - Network:      http://192.168.1.16:3000
2026-08-30 18:04:08 +07:00: 
2026-08-30 18:04:08 +07:00:  ✓ Starting...
2026-08-30 18:04:08 +07:00:    - Local:        http://localhost:3000
2026-08-30 18:04:08 +07:00:    - Network:      http://192.168.1.16:3000
2026-08-30 18:04:08 +07:00: 
2026-08-30 18:04:08 +07:00:  ✓ Starting...
2026-08-30 18:04:08 +07:00:    ▲ Next.js 15.5.22
2026-08-30 18:04:08 +07:00:    - Local:        http://localhost:3000
2026-08-30 18:04:08 +07:00:    - Network:      http://192.168.1.16:3000
2026-08-30 18:04:08 +07:00: 
2026-08-30 18:04:08 +07:00:  ✓ Starting...
2026-08-30 18:04:08 +07:00:    - Local:        http://localhost:3000
2026-08-30 18:04:08 +07:00:    - Network:      http://192.168.1.16:3000
2026-08-30 18:04:08 +07:00: 
2026-08-30 18:04:08 +07:00:  ✓ Starting...
2026-08-30 18:04:08 +07:00:    ▲ Next.js 15.5.22
2026-08-30 18:04:08 +07:00:    ▲ Next.js 15.5.22
2026-08-30 18:04:08 +07:00:    ▲ Next.js 15.5.22
2026-08-30 18:04:08 +07:00:    - Local:        http://localhost:3000
2026-08-30 18:04:08 +07:00:    - Network:      http://192.168.1.16:3000
2026-08-30 18:04:08 +07:00: 
2026-08-30 18:04:08 +07:00:  ✓ Starting...
2026-08-30 18:04:08 +07:00:    ▲ Next.js 15.5.22
2026-08-30 18:04:08 +07:00:    - Local:        http://localhost:3000
2026-08-30 18:04:08 +07:00:    - Network:      http://192.168.1.16:3000
2026-08-30 18:04:08 +07:00: 
2026-08-30 18:04:08 +07:00:  ✓ Starting...
2026-08-30 18:04:08 +07:00:    - Local:        http://localhost:3000
2026-08-30 18:04:08 +07:00:    - Network:      http://192.168.1.16:3000
2026-08-30 18:04:08 +07:00: 
2026-08-30 18:04:08 +07:00:  ✓ Starting...
2026-08-30 18:04:08 +07:00:    - Local:        http://localhost:3000
2026-08-30 18:04:08 +07:00:    - Network:      http://192.168.1.16:3000
2026-08-30 18:04:08 +07:00: 
2026-08-30 18:04:08 +07:00:  ✓ Starting...
2026-08-30 18:04:08 +07:00:    - Local:        http://localhost:3000
2026-08-30 18:04:08 +07:00:    - Network:      http://192.168.1.16:3000
2026-08-30 18:04:08 +07:00: 
2026-08-30 18:04:08 +07:00:  ✓ Starting...
2026-08-30 18:04:08 +07:00:    ▲ Next.js 15.5.22
2026-08-30 18:04:08 +07:00:    ▲ Next.js 15.5.22
2026-08-30 18:04:08 +07:00:    - Local:        http://localhost:3000
2026-08-30 18:04:08 +07:00:    - Network:      http://192.168.1.16:3000
2026-08-30 18:04:08 +07:00: 
2026-08-30 18:04:08 +07:00:  ✓ Starting...
2026-08-30 18:04:08 +07:00:    ▲ Next.js 15.5.22
2026-08-30 18:04:08 +07:00:    - Local:        http://localhost:3000
2026-08-30 18:04:08 +07:00:    - Network:      http://192.168.1.16:3000
2026-08-30 18:04:08 +07:00: 
2026-08-30 18:04:08 +07:00:  ✓ Starting...
2026-08-30 18:04:08 +07:00:    - Local:        http://localhost:3000
2026-08-30 18:04:08 +07:00:    - Network:      http://192.168.1.16:3000
2026-08-30 18:04:08 +07:00: 
2026-08-30 18:04:08 +07:00:  ✓ Starting...
2026-08-30 18:04:09 +07:00:    ▲ Next.js 15.5.22
2026-08-30 18:04:09 +07:00:    ▲ Next.js 15.5.22
2026-08-30 18:04:09 +07:00:    ▲ Next.js 15.5.22
2026-08-30 18:04:09 +07:00:    - Local:        http://localhost:3000
2026-08-30 18:04:09 +07:00:    - Network:      http://192.168.1.16:3000
2026-08-30 18:04:09 +07:00: 
2026-08-30 18:04:09 +07:00:  ✓ Starting...
2026-08-30 18:04:09 +07:00:    ▲ Next.js 15.5.22
2026-08-30 18:04:09 +07:00:    ▲ Next.js 15.5.22
2026-08-30 18:04:09 +07:00:    ▲ Next.js 15.5.22
2026-08-30 18:04:09 +07:00:    - Local:        http://localhost:3000
2026-08-30 18:04:09 +07:00:    - Network:      http://192.168.1.16:3000
2026-08-30 18:04:09 +07:00: 
2026-08-30 18:04:09 +07:00:  ✓ Starting...
2026-08-30 18:04:09 +07:00:    - Local:        http://localhost:3000
2026-08-30 18:04:09 +07:00:    - Network:      http://192.168.1.16:3000
2026-08-30 18:04:09 +07:00: 
2026-08-30 18:04:09 +07:00:  ✓ Starting...
2026-08-30 18:04:09 +07:00:    - Local:        http://localhost:3000
2026-08-30 18:04:09 +07:00:    - Network:      http://192.168.1.16:3000
2026-08-30 18:04:09 +07:00: 
2026-08-30 18:04:09 +07:00:  ✓ Starting...
2026-08-30 18:04:09 +07:00:    ▲ Next.js 15.5.22
2026-08-30 18:04:09 +07:00:    ▲ Next.js 15.5.22
2026-08-30 18:04:09 +07:00:    - Local:        http://localhost:3000
2026-08-30 18:04:09 +07:00:    - Network:      http://192.168.1.16:3000
2026-08-30 18:04:09 +07:00: 
2026-08-30 18:04:09 +07:00:  ✓ Starting...
2026-08-30 18:04:09 +07:00:    - Local:        http://localhost:3000
2026-08-30 18:04:09 +07:00:    - Network:      http://192.168.1.16:3000
2026-08-30 18:04:09 +07:00: 
2026-08-30 18:04:09 +07:00:  ✓ Starting...
2026-08-30 18:04:09 +07:00:    ▲ Next.js 15.5.22
2026-08-30 18:04:09 +07:00:    - Local:        http://localhost:3000
2026-08-30 18:04:09 +07:00:    - Network:      http://192.168.1.16:3000
2026-08-30 18:04:09 +07:00: 
2026-08-30 18:04:09 +07:00:  ✓ Starting...
2026-08-30 18:04:09 +07:00:    - Local:        http://localhost:3000
2026-08-30 18:04:09 +07:00:    - Network:      http://192.168.1.16:3000
2026-08-30 18:04:09 +07:00: 
2026-08-30 18:04:09 +07:00:  ✓ Starting...
2026-08-30 18:04:09 +07:00:    - Local:        http://localhost:3000
2026-08-30 18:04:09 +07:00:    - Network:      http://192.168.1.16:3000
2026-08-30 18:04:09 +07:00: 
2026-08-30 18:04:09 +07:00:  ✓ Starting...
2026-08-30 18:04:10 +07:00:    ▲ Next.js 15.5.22
2026-08-30 18:04:10 +07:00:    ▲ Next.js 15.5.22
2026-08-30 18:04:10 +07:00:    - Local:        http://localhost:3000
2026-08-30 18:04:10 +07:00:    - Network:      http://192.168.1.16:3000
2026-08-30 18:04:10 +07:00: 
2026-08-30 18:04:10 +07:00:  ✓ Starting...
2026-08-30 18:04:10 +07:00:    ▲ Next.js 15.5.22
2026-08-30 18:04:10 +07:00:    - Local:        http://localhost:3000
2026-08-30 18:04:10 +07:00:    - Network:      http://192.168.1.16:3000
2026-08-30 18:04:10 +07:00: 
2026-08-30 18:04:10 +07:00:  ✓ Starting...
2026-08-30 18:04:10 +07:00:    - Local:        http://localhost:3000
2026-08-30 18:04:10 +07:00:    - Network:      http://192.168.1.16:3000
2026-08-30 18:04:10 +07:00: 
2026-08-30 18:04:10 +07:00:  ✓ Starting...
2026-08-30 18:04:11 +07:00:    ▲ Next.js 15.5.22
2026-08-30 18:04:11 +07:00:    ▲ Next.js 15.5.22
2026-08-30 18:04:11 +07:00:    - Local:        http://localhost:3000
2026-08-30 18:04:11 +07:00:    - Network:      http://192.168.1.16:3000
2026-08-30 18:04:11 +07:00: 
2026-08-30 18:04:11 +07:00:  ✓ Starting...
2026-08-30 18:04:11 +07:00:    ▲ Next.js 15.5.22
2026-08-30 18:04:11 +07:00:    - Local:        http://localhost:3000
2026-08-30 18:04:11 +07:00:    - Network:      http://192.168.1.16:3000
2026-08-30 18:04:11 +07:00: 
2026-08-30 18:04:11 +07:00:  ✓ Starting...
2026-08-30 18:04:11 +07:00:    ▲ Next.js 15.5.22
2026-08-30 18:04:11 +07:00:    ▲ Next.js 15.5.22
2026-08-30 18:04:11 +07:00:    ▲ Next.js 15.5.22
2026-08-30 18:04:11 +07:00:    ▲ Next.js 15.5.22
2026-08-30 18:04:11 +07:00:    ▲ Next.js 15.5.22
2026-08-30 18:04:11 +07:00:    - Local:        http://localhost:3000
2026-08-30 18:04:11 +07:00:    - Network:      http://192.168.1.16:3000
2026-08-30 18:04:11 +07:00: 
2026-08-30 18:04:11 +07:00:  ✓ Starting...
2026-08-30 18:04:11 +07:00:    ▲ Next.js 15.5.22
2026-08-30 18:04:11 +07:00:    - Local:        http://localhost:3000
2026-08-30 18:04:11 +07:00:    - Network:      http://192.168.1.16:3000
2026-08-30 18:04:11 +07:00: 
2026-08-30 18:04:11 +07:00:  ✓ Starting...
2026-08-30 18:04:11 +07:00:    - Local:        http://localhost:3000
2026-08-30 18:04:11 +07:00:    - Network:      http://192.168.1.16:3000
2026-08-30 18:04:11 +07:00: 
2026-08-30 18:04:11 +07:00:  ✓ Starting...
2026-08-30 18:04:11 +07:00:    - Local:        http://localhost:3000
2026-08-30 18:04:11 +07:00:    - Network:      http://192.168.1.16:3000
2026-08-30 18:04:11 +07:00: 
2026-08-30 18:04:11 +07:00:  ✓ Starting...
2026-08-30 18:04:11 +07:00:    - Local:        http://localhost:3000
2026-08-30 18:04:11 +07:00:    - Network:      http://192.168.1.16:3000
2026-08-30 18:04:11 +07:00: 
2026-08-30 18:04:11 +07:00:  ✓ Starting...
2026-08-30 18:04:11 +07:00:    - Local:        http://localhost:3000
2026-08-30 18:04:11 +07:00:    - Network:      http://192.168.1.16:3000
2026-08-30 18:04:11 +07:00: 
2026-08-30 18:04:11 +07:00:  ✓ Starting...
2026-08-30 18:04:11 +07:00:    - Local:        http://localhost:3000
2026-08-30 18:04:11 +07:00:    - Network:      http://192.168.1.16:3000
2026-08-30 18:04:11 +07:00: 
2026-08-30 18:04:11 +07:00:  ✓ Starting...
2026-08-30 18:04:11 +07:00:    ▲ Next.js 15.5.22
2026-08-30 18:04:11 +07:00:    ▲ Next.js 15.5.22
2026-08-30 18:04:11 +07:00:    - Local:        http://localhost:3000
2026-08-30 18:04:11 +07:00:    - Network:      http://192.168.1.16:3000
2026-08-30 18:04:11 +07:00: 
2026-08-30 18:04:11 +07:00:  ✓ Starting...
2026-08-30 18:04:11 +07:00:    ▲ Next.js 15.5.22
2026-08-30 18:04:11 +07:00:    - Local:        http://localhost:3000
2026-08-30 18:04:11 +07:00:    - Network:      http://192.168.1.16:3000
2026-08-30 18:04:11 +07:00: 
2026-08-30 18:04:11 +07:00:  ✓ Starting...
2026-08-30 18:04:11 +07:00:    - Local:        http://localhost:3000
2026-08-30 18:04:11 +07:00:    - Network:      http://192.168.1.16:3000
2026-08-30 18:04:11 +07:00: 
2026-08-30 18:04:11 +07:00:  ✓ Starting...
2026-08-30 18:04:12 +07:00:    ▲ Next.js 15.5.22
2026-08-30 18:04:12 +07:00:    ▲ Next.js 15.5.22
2026-08-30 18:04:12 +07:00:    - Local:        http://localhost:3000
2026-08-30 18:04:12 +07:00:    - Network:      http://192.168.1.16:3000
2026-08-30 18:04:12 +07:00: 
2026-08-30 18:04:12 +07:00:  ✓ Starting...
2026-08-30 18:04:12 +07:00:    ▲ Next.js 15.5.22
2026-08-30 18:04:12 +07:00:    - Local:        http://localhost:3000
2026-08-30 18:04:12 +07:00:    - Network:      http://192.168.1.16:3000
2026-08-30 18:04:12 +07:00: 
2026-08-30 18:04:12 +07:00:  ✓ Starting...
2026-08-30 18:04:12 +07:00:    ▲ Next.js 15.5.22
2026-08-30 18:04:12 +07:00:    ▲ Next.js 15.5.22
2026-08-30 18:04:12 +07:00:    - Local:        http://localhost:3000
2026-08-30 18:04:12 +07:00:    - Network:      http://192.168.1.16:3000
2026-08-30 18:04:12 +07:00: 
2026-08-30 18:04:12 +07:00:  ✓ Starting...
2026-08-30 18:04:12 +07:00:    ▲ Next.js 15.5.22
2026-08-30 18:04:12 +07:00:    ▲ Next.js 15.5.22
2026-08-30 18:04:12 +07:00:    ▲ Next.js 15.5.22
2026-08-30 18:04:12 +07:00:    - Local:        http://localhost:3000
2026-08-30 18:04:12 +07:00:    - Network:      http://192.168.1.16:3000
2026-08-30 18:04:12 +07:00: 
2026-08-30 18:04:12 +07:00:  ✓ Starting...
2026-08-30 18:04:12 +07:00:    ▲ Next.js 15.5.22
2026-08-30 18:04:12 +07:00:    - Local:        http://localhost:3000
2026-08-30 18:04:12 +07:00:    - Network:      http://192.168.1.16:3000
2026-08-30 18:04:12 +07:00: 
2026-08-30 18:04:12 +07:00:  ✓ Starting...
2026-08-30 18:04:12 +07:00:    - Local:        http://localhost:3000
2026-08-30 18:04:12 +07:00:    - Network:      http://192.168.1.16:3000
2026-08-30 18:04:12 +07:00: 
2026-08-30 18:04:12 +07:00:  ✓ Starting...
2026-08-30 18:04:12 +07:00:    - Local:        http://localhost:3000
2026-08-30 18:04:12 +07:00:    - Network:      http://192.168.1.16:3000
2026-08-30 18:04:12 +07:00: 
2026-08-30 18:04:12 +07:00:  ✓ Starting...
2026-08-30 18:04:12 +07:00:    - Local:        http://localhost:3000
2026-08-30 18:04:13 +07:00:    - Network:      http://192.168.1.16:3000
2026-08-30 18:04:13 +07:00: 
2026-08-30 18:04:13 +07:00:  ✓ Starting...
2026-08-30 18:04:12 +07:00:    - Local:        http://localhost:3000
2026-08-30 18:04:12 +07:00:    - Network:      http://192.168.1.16:3000
2026-08-30 18:04:12 +07:00: 
2026-08-30 18:04:12 +07:00:  ✓ Starting...
2026-08-30 18:04:13 +07:00:    ▲ Next.js 15.5.22
2026-08-30 18:04:13 +07:00:    ▲ Next.js 15.5.22
2026-08-30 18:04:13 +07:00:    - Local:        http://localhost:3000
2026-08-30 18:04:13 +07:00:    - Network:      http://192.168.1.16:3000
2026-08-30 18:04:13 +07:00: 
2026-08-30 18:04:13 +07:00:  ✓ Starting...
2026-08-30 18:04:13 +07:00:    ▲ Next.js 15.5.22
2026-08-30 18:04:13 +07:00:    - Local:        http://localhost:3000
2026-08-30 18:04:13 +07:00:    - Network:      http://192.168.1.16:3000
2026-08-30 18:04:13 +07:00: 
2026-08-30 18:04:13 +07:00:  ✓ Starting...
2026-08-30 18:04:13 +07:00:    - Local:        http://localhost:3000
2026-08-30 18:04:13 +07:00:    - Network:      http://192.168.1.16:3000
2026-08-30 18:04:13 +07:00: 
2026-08-30 18:04:13 +07:00:  ✓ Starting...
2026-08-30 18:04:14 +07:00:    ▲ Next.js 15.5.22
2026-08-30 18:04:14 +07:00:    ▲ Next.js 15.5.22
2026-08-30 18:04:14 +07:00:    ▲ Next.js 15.5.22
2026-08-30 18:04:14 +07:00:    - Local:        http://localhost:3000
2026-08-30 18:04:14 +07:00:    - Network:      http://192.168.1.16:3000
2026-08-30 18:04:14 +07:00: 
2026-08-30 18:04:14 +07:00:  ✓ Starting...
2026-08-30 18:04:14 +07:00:    ▲ Next.js 15.5.22
2026-08-30 18:04:14 +07:00:    - Local:        http://localhost:3000
2026-08-30 18:04:14 +07:00:    - Network:      http://192.168.1.16:3000
2026-08-30 18:04:14 +07:00: 
2026-08-30 18:04:14 +07:00:  ✓ Starting...
2026-08-30 18:04:14 +07:00:    - Local:        http://localhost:3000
2026-08-30 18:04:14 +07:00:    - Network:      http://192.168.1.16:3000
2026-08-30 18:04:14 +07:00: 
2026-08-30 18:04:14 +07:00:  ✓ Starting...
2026-08-30 18:04:14 +07:00:    ▲ Next.js 15.5.22
2026-08-30 18:04:14 +07:00:    ▲ Next.js 15.5.22
2026-08-30 18:04:14 +07:00:    ▲ Next.js 15.5.22
2026-08-30 18:04:14 +07:00:    - Local:        http://localhost:3000
2026-08-30 18:04:14 +07:00:    - Network:      http://192.168.1.16:3000
2026-08-30 18:04:14 +07:00: 
2026-08-30 18:04:14 +07:00:  ✓ Starting...
2026-08-30 18:04:14 +07:00:    ▲ Next.js 15.5.22
2026-08-30 18:04:14 +07:00:    ▲ Next.js 15.5.22
2026-08-30 18:04:14 +07:00:    - Local:        http://localhost:3000
2026-08-30 18:04:14 +07:00:    - Network:      http://192.168.1.16:3000
2026-08-30 18:04:14 +07:00: 
2026-08-30 18:04:14 +07:00:  ✓ Starting...
2026-08-30 18:04:14 +07:00:    - Local:        http://localhost:3000
2026-08-30 18:04:14 +07:00:    - Network:      http://192.168.1.16:3000
2026-08-30 18:04:14 +07:00: 
2026-08-30 18:04:14 +07:00:  ✓ Starting...
2026-08-30 18:04:14 +07:00:    - Local:        http://localhost:3000
2026-08-30 18:04:14 +07:00:    - Network:      http://192.168.1.16:3000
2026-08-30 18:04:14 +07:00: 
2026-08-30 18:04:14 +07:00:  ✓ Starting...
2026-08-30 18:04:14 +07:00:    - Local:        http://localhost:3000
2026-08-30 18:04:14 +07:00:    - Network:      http://192.168.1.16:3000
2026-08-30 18:04:14 +07:00: 
2026-08-30 18:04:14 +07:00:  ✓ Starting...
2026-08-30 18:04:14 +07:00:    - Local:        http://localhost:3000
2026-08-30 18:04:14 +07:00:    - Network:      http://192.168.1.16:3000
2026-08-30 18:04:14 +07:00: 
2026-08-30 18:04:14 +07:00:  ✓ Starting...
2026-08-30 18:04:14 +07:00:    ▲ Next.js 15.5.22
2026-08-30 18:04:14 +07:00:    ▲ Next.js 15.5.22
2026-08-30 18:04:14 +07:00:    - Local:        http://localhost:3000
2026-08-30 18:04:14 +07:00:    - Network:      http://192.168.1.16:3000
2026-08-30 18:04:14 +07:00: 
2026-08-30 18:04:14 +07:00:  ✓ Starting...
2026-08-30 18:04:14 +07:00:    - Local:        http://localhost:3000
2026-08-30 18:04:14 +07:00:    - Network:      http://192.168.1.16:3000
2026-08-30 18:04:14 +07:00: 
2026-08-30 18:04:14 +07:00:  ✓ Starting...
2026-08-30 18:04:15 +07:00:    ▲ Next.js 15.5.22
2026-08-30 18:04:15 +07:00:    - Local:        http://localhost:3000
2026-08-30 18:04:15 +07:00:    - Network:      http://192.168.1.16:3000
2026-08-30 18:04:15 +07:00: 
2026-08-30 18:04:15 +07:00:  ✓ Starting...
2026-08-30 18:04:15 +07:00:    ▲ Next.js 15.5.22
2026-08-30 18:04:15 +07:00:    ▲ Next.js 15.5.22
2026-08-30 18:04:15 +07:00:    ▲ Next.js 15.5.22
2026-08-30 18:04:15 +07:00:    - Local:        http://localhost:3000
2026-08-30 18:04:15 +07:00:    - Network:      http://192.168.1.16:3000
2026-08-30 18:04:15 +07:00: 
2026-08-30 18:04:15 +07:00:  ✓ Starting...
2026-08-30 18:04:15 +07:00:    ▲ Next.js 15.5.22
2026-08-30 18:04:15 +07:00:    - Local:        http://localhost:3000
2026-08-30 18:04:15 +07:00:    - Network:      http://192.168.1.16:3000
2026-08-30 18:04:15 +07:00: 
2026-08-30 18:04:15 +07:00:  ✓ Starting...
2026-08-30 18:04:15 +07:00:    - Local:        http://localhost:3000
2026-08-30 18:04:15 +07:00:    - Network:      http://192.168.1.16:3000
2026-08-30 18:04:15 +07:00: 
2026-08-30 18:04:15 +07:00:  ✓ Starting...
2026-08-30 18:04:15 +07:00:    ▲ Next.js 15.5.22
2026-08-30 18:04:15 +07:00:    ▲ Next.js 15.5.22
2026-08-30 18:04:15 +07:00:    ▲ Next.js 15.5.22
2026-08-30 18:04:15 +07:00:    - Local:        http://localhost:3000
2026-08-30 18:04:15 +07:00:    - Network:      http://192.168.1.16:3000
2026-08-30 18:04:15 +07:00: 
2026-08-30 18:04:15 +07:00:  ✓ Starting...
2026-08-30 18:04:16 +07:00:    ▲ Next.js 15.5.22
2026-08-30 18:04:15 +07:00:    - Local:        http://localhost:3000
2026-08-30 18:04:15 +07:00:    - Network:      http://192.168.1.16:3000
2026-08-30 18:04:15 +07:00: 
2026-08-30 18:04:15 +07:00:  ✓ Starting...
2026-08-30 18:04:16 +07:00:    ▲ Next.js 15.5.22
2026-08-30 18:04:15 +07:00:    - Local:        http://localhost:3000
2026-08-30 18:04:15 +07:00:    - Network:      http://192.168.1.16:3000
2026-08-30 18:04:15 +07:00: 
2026-08-30 18:04:15 +07:00:  ✓ Starting...
2026-08-30 18:04:16 +07:00:    - Local:        http://localhost:3000
2026-08-30 18:04:16 +07:00:    - Network:      http://192.168.1.16:3000
2026-08-30 18:04:16 +07:00: 
2026-08-30 18:04:16 +07:00:  ✓ Starting...
2026-08-30 18:04:16 +07:00:    - Local:        http://localhost:3000
2026-08-30 18:04:16 +07:00:    - Network:      http://192.168.1.16:3000
2026-08-30 18:04:16 +07:00: 
2026-08-30 18:04:16 +07:00:  ✓ Starting...
2026-08-30 18:04:16 +07:00:    - Local:        http://localhost:3000
2026-08-30 18:04:16 +07:00:    - Network:      http://192.168.1.16:3000
2026-08-30 18:04:16 +07:00: 
2026-08-30 18:04:16 +07:00:  ✓ Starting...
2026-08-30 18:04:16 +07:00:    ▲ Next.js 15.5.22
2026-08-30 18:04:16 +07:00:    ▲ Next.js 15.5.22
2026-08-30 18:04:16 +07:00:    - Local:        http://localhost:3000
2026-08-30 18:04:16 +07:00:    - Network:      http://192.168.1.16:3000
2026-08-30 18:04:16 +07:00: 
2026-08-30 18:04:16 +07:00:  ✓ Starting...
2026-08-30 18:04:16 +07:00:    - Local:        http://localhost:3000
2026-08-30 18:04:16 +07:00:    - Network:      http://192.168.1.16:3000
2026-08-30 18:04:16 +07:00: 
2026-08-30 18:04:16 +07:00:  ✓ Starting...
2026-08-30 18:04:16 +07:00:    ▲ Next.js 15.5.22
2026-08-30 18:04:16 +07:00:    - Local:        http://localhost:3000
2026-08-30 18:04:16 +07:00:    - Network:      http://192.168.1.16:3000
2026-08-30 18:04:16 +07:00: 
2026-08-30 18:04:16 +07:00:  ✓ Starting...
2026-08-30 18:04:16 +07:00:    ▲ Next.js 15.5.22
2026-08-30 18:04:17 +07:00:    ▲ Next.js 15.5.22
2026-08-30 18:04:17 +07:00:    ▲ Next.js 15.5.22
2026-08-30 18:04:16 +07:00:    - Local:        http://localhost:3000
2026-08-30 18:04:16 +07:00:    - Network:      http://192.168.1.16:3000
2026-08-30 18:04:16 +07:00: 
2026-08-30 18:04:16 +07:00:  ✓ Starting...
2026-08-30 18:04:17 +07:00:    ▲ Next.js 15.5.22
2026-08-30 18:04:17 +07:00:    ▲ Next.js 15.5.22
2026-08-30 18:04:17 +07:00:    - Local:        http://localhost:3000
2026-08-30 18:04:17 +07:00:    - Network:      http://192.168.1.16:3000
2026-08-30 18:04:17 +07:00: 
2026-08-30 18:04:17 +07:00:  ✓ Starting...
2026-08-30 18:04:17 +07:00:    - Local:        http://localhost:3000
2026-08-30 18:04:17 +07:00:    - Network:      http://192.168.1.16:3000
2026-08-30 18:04:17 +07:00: 
2026-08-30 18:04:17 +07:00:  ✓ Starting...
2026-08-30 18:04:17 +07:00:    ▲ Next.js 15.5.22
2026-08-30 18:04:17 +07:00:    ▲ Next.js 15.5.22
2026-08-30 18:04:17 +07:00:    ▲ Next.js 15.5.22
2026-08-30 18:04:17 +07:00:    - Local:        http://localhost:3000
2026-08-30 18:04:17 +07:00:    - Network:      http://192.168.1.16:3000
2026-08-30 18:04:17 +07:00: 
2026-08-30 18:04:17 +07:00:  ✓ Starting...
2026-08-30 18:04:17 +07:00:    - Local:        http://localhost:3000
2026-08-30 18:04:17 +07:00:    - Network:      http://192.168.1.16:3000
2026-08-30 18:04:17 +07:00: 
2026-08-30 18:04:17 +07:00:  ✓ Starting...
2026-08-30 18:04:17 +07:00:    - Local:        http://localhost:3000
2026-08-30 18:04:17 +07:00:    - Network:      http://192.168.1.16:3000
2026-08-30 18:04:17 +07:00: 
2026-08-30 18:04:17 +07:00:  ✓ Starting...
2026-08-30 18:04:17 +07:00:    ▲ Next.js 15.5.22
2026-08-30 18:04:17 +07:00:    - Local:        http://localhost:3000
2026-08-30 18:04:17 +07:00:    - Network:      http://192.168.1.16:3000
2026-08-30 18:04:17 +07:00: 
2026-08-30 18:04:17 +07:00:  ✓ Starting...
2026-08-30 18:04:17 +07:00:    - Local:        http://localhost:3000
2026-08-30 18:04:17 +07:00:    - Network:      http://192.168.1.16:3000
2026-08-30 18:04:17 +07:00: 
2026-08-30 18:04:17 +07:00:  ✓ Starting...
2026-08-30 18:04:17 +07:00:    - Local:        http://localhost:3000
2026-08-30 18:04:17 +07:00:    - Network:      http://192.168.1.16:3000
2026-08-30 18:04:17 +07:00: 
2026-08-30 18:04:17 +07:00:  ✓ Starting...
2026-08-30 18:04:17 +07:00:    ▲ Next.js 15.5.22
2026-08-30 18:04:17 +07:00:    ▲ Next.js 15.5.22
2026-08-30 18:04:17 +07:00:    - Local:        http://localhost:3000
2026-08-30 18:04:17 +07:00:    - Network:      http://192.168.1.16:3000
2026-08-30 18:04:17 +07:00: 
2026-08-30 18:04:17 +07:00:  ✓ Starting...
2026-08-30 18:04:17 +07:00:    - Local:        http://localhost:3000
2026-08-30 18:04:17 +07:00:    - Network:      http://192.168.1.16:3000
2026-08-30 18:04:17 +07:00: 
2026-08-30 18:04:17 +07:00:  ✓ Starting...
2026-08-30 18:04:17 +07:00:    ▲ Next.js 15.5.22
2026-08-30 18:04:17 +07:00:    - Local:        http://localhost:3000
2026-08-30 18:04:17 +07:00:    - Network:      http://192.168.1.16:3000
2026-08-30 18:04:17 +07:00: 
2026-08-30 18:04:17 +07:00:  ✓ Starting...
2026-08-30 18:04:18 +07:00:    ▲ Next.js 15.5.22
2026-08-30 18:04:18 +07:00:    ▲ Next.js 15.5.22
2026-08-30 18:04:18 +07:00:    ▲ Next.js 15.5.22
2026-08-30 18:04:18 +07:00:    - Local:        http://localhost:3000
2026-08-30 18:04:18 +07:00:    - Network:      http://192.168.1.16:3000
2026-08-30 18:04:18 +07:00: 
2026-08-30 18:04:18 +07:00:  ✓ Starting...
2026-08-30 18:04:18 +07:00:    ▲ Next.js 15.5.22
2026-08-30 18:04:18 +07:00:    - Local:        http://localhost:3000
2026-08-30 18:04:18 +07:00:    - Network:      http://192.168.1.16:3000
2026-08-30 18:04:18 +07:00: 
2026-08-30 18:04:18 +07:00:  ✓ Starting...
2026-08-30 18:04:18 +07:00:    ▲ Next.js 15.5.22
2026-08-30 18:04:18 +07:00:    - Local:        http://localhost:3000
2026-08-30 18:04:18 +07:00:    - Network:      http://192.168.1.16:3000
2026-08-30 18:04:18 +07:00: 
2026-08-30 18:04:18 +07:00:  ✓ Starting...
2026-08-30 18:04:18 +07:00:    ▲ Next.js 15.5.22
2026-08-30 18:04:18 +07:00:    ▲ Next.js 15.5.22
2026-08-30 18:04:18 +07:00:    - Local:        http://localhost:3000
2026-08-30 18:04:18 +07:00:    - Network:      http://192.168.1.16:3000
2026-08-30 18:04:18 +07:00: 
2026-08-30 18:04:18 +07:00:  ✓ Starting...
2026-08-30 18:04:18 +07:00:    ▲ Next.js 15.5.22
2026-08-30 18:04:18 +07:00:    - Local:        http://localhost:3000
2026-08-30 18:04:18 +07:00:    - Network:      http://192.168.1.16:3000
2026-08-30 18:04:18 +07:00: 
2026-08-30 18:04:18 +07:00:  ✓ Starting...
2026-08-30 18:04:18 +07:00:    ▲ Next.js 15.5.22
2026-08-30 18:04:18 +07:00:    - Local:        http://localhost:3000
2026-08-30 18:04:18 +07:00:    - Network:      http://192.168.1.16:3000
2026-08-30 18:04:18 +07:00: 
2026-08-30 18:04:18 +07:00:  ✓ Starting...
2026-08-30 18:04:18 +07:00:    - Local:        http://localhost:3000
2026-08-30 18:04:18 +07:00:    - Network:      http://192.168.1.16:3000
2026-08-30 18:04:18 +07:00: 
2026-08-30 18:04:18 +07:00:  ✓ Starting...
2026-08-30 18:04:18 +07:00:    - Local:        http://localhost:3000
2026-08-30 18:04:18 +07:00:    - Network:      http://192.168.1.16:3000
2026-08-30 18:04:18 +07:00: 
2026-08-30 18:04:18 +07:00:  ✓ Starting...
2026-08-30 18:04:18 +07:00:    - Local:        http://localhost:3000
2026-08-30 18:04:18 +07:00:    - Network:      http://192.168.1.16:3000
2026-08-30 18:04:18 +07:00: 
2026-08-30 18:04:18 +07:00:  ✓ Starting...
2026-08-30 18:04:18 +07:00:    ▲ Next.js 15.5.22
2026-08-30 18:04:18 +07:00:    ▲ Next.js 15.5.22
2026-08-30 18:04:18 +07:00:    - Local:        http://localhost:3000
2026-08-30 18:04:18 +07:00:    - Network:      http://192.168.1.16:3000
2026-08-30 18:04:18 +07:00: 
2026-08-30 18:04:18 +07:00:  ✓ Starting...
2026-08-30 18:04:18 +07:00:    - Local:        http://localhost:3000
2026-08-30 18:04:18 +07:00:    - Network:      http://192.168.1.16:3000
2026-08-30 18:04:18 +07:00: 
2026-08-30 18:04:18 +07:00:  ✓ Starting...
2026-08-30 18:04:19 +07:00:    ▲ Next.js 15.5.22
2026-08-30 18:04:19 +07:00:    - Local:        http://localhost:3000
2026-08-30 18:04:19 +07:00:    - Network:      http://192.168.1.16:3000
2026-08-30 18:04:19 +07:00: 
2026-08-30 18:04:19 +07:00:  ✓ Starting...
2026-08-30 18:04:19 +07:00:    ▲ Next.js 15.5.22
2026-08-30 18:04:19 +07:00:    ▲ Next.js 15.5.22
2026-08-30 18:04:19 +07:00:    ▲ Next.js 15.5.22
2026-08-30 18:04:19 +07:00:    - Local:        http://localhost:3000
2026-08-30 18:04:19 +07:00:    - Network:      http://192.168.1.16:3000
2026-08-30 18:04:19 +07:00: 
2026-08-30 18:04:19 +07:00:  ✓ Starting...
2026-08-30 18:04:19 +07:00:    ▲ Next.js 15.5.22
2026-08-30 18:04:19 +07:00:    - Local:        http://localhost:3000
2026-08-30 18:04:19 +07:00:    - Network:      http://192.168.1.16:3000
2026-08-30 18:04:19 +07:00: 
2026-08-30 18:04:19 +07:00:  ✓ Starting...
2026-08-30 18:04:19 +07:00:    ▲ Next.js 15.5.22
2026-08-30 18:04:20 +07:00:    ▲ Next.js 15.5.22
2026-08-30 18:04:19 +07:00:    - Local:        http://localhost:3000
2026-08-30 18:04:19 +07:00:    - Network:      http://192.168.1.16:3000
2026-08-30 18:04:19 +07:00: 
2026-08-30 18:04:19 +07:00:  ✓ Starting...
2026-08-30 18:04:20 +07:00:    ▲ Next.js 15.5.22
2026-08-30 18:04:19 +07:00:    - Local:        http://localhost:3000
2026-08-30 18:04:19 +07:00:    - Network:      http://192.168.1.16:3000
2026-08-30 18:04:19 +07:00: 
2026-08-30 18:04:19 +07:00:  ✓ Starting...
2026-08-30 18:04:20 +07:00:    ▲ Next.js 15.5.22
2026-08-30 18:04:19 +07:00:    - Local:        http://localhost:3000
2026-08-30 18:04:19 +07:00:    - Network:      http://192.168.1.16:3000
2026-08-30 18:04:19 +07:00: 
2026-08-30 18:04:19 +07:00:  ✓ Starting...
2026-08-30 18:04:20 +07:00:    ▲ Next.js 15.5.22
2026-08-30 18:04:20 +07:00:    - Local:        http://localhost:3000
2026-08-30 18:04:20 +07:00:    - Network:      http://192.168.1.16:3000
2026-08-30 18:04:20 +07:00: 
2026-08-30 18:04:20 +07:00:  ✓ Starting...
2026-08-30 18:04:20 +07:00:    - Local:        http://localhost:3000
2026-08-30 18:04:20 +07:00:    - Network:      http://192.168.1.16:3000
2026-08-30 18:04:20 +07:00: 
2026-08-30 18:04:20 +07:00:  ✓ Starting...
2026-08-30 18:04:20 +07:00:    - Local:        http://localhost:3000
2026-08-30 18:04:20 +07:00:    - Network:      http://192.168.1.16:3000
2026-08-30 18:04:20 +07:00: 
2026-08-30 18:04:20 +07:00:  ✓ Starting...
2026-08-30 18:04:20 +07:00:    - Local:        http://localhost:3000
2026-08-30 18:04:20 +07:00:    - Network:      http://192.168.1.16:3000
2026-08-30 18:04:20 +07:00: 
2026-08-30 18:04:20 +07:00:  ✓ Starting...
2026-08-30 18:04:20 +07:00:    ▲ Next.js 15.5.22
2026-08-30 18:04:20 +07:00:    ▲ Next.js 15.5.22
2026-08-30 18:04:20 +07:00:    - Local:        http://localhost:3000
2026-08-30 18:04:20 +07:00:    - Network:      http://192.168.1.16:3000
2026-08-30 18:04:20 +07:00: 
2026-08-30 18:04:20 +07:00:  ✓ Starting...
2026-08-30 18:04:20 +07:00:    - Local:        http://localhost:3000
2026-08-30 18:04:20 +07:00:    - Network:      http://192.168.1.16:3000
2026-08-30 18:04:20 +07:00: 
2026-08-30 18:04:20 +07:00:  ✓ Starting...
2026-08-30 18:04:20 +07:00:    ▲ Next.js 15.5.22
2026-08-30 18:04:20 +07:00:    - Local:        http://localhost:3000
2026-08-30 18:04:20 +07:00:    - Network:      http://192.168.1.16:3000
2026-08-30 18:04:20 +07:00: 
2026-08-30 18:04:20 +07:00:  ✓ Starting...
2026-08-30 18:04:21 +07:00:    ▲ Next.js 15.5.22
2026-08-30 18:04:21 +07:00:    ▲ Next.js 15.5.22
2026-08-30 18:04:21 +07:00:    - Local:        http://localhost:3000
2026-08-30 18:04:21 +07:00:    - Network:      http://192.168.1.16:3000
2026-08-30 18:04:21 +07:00: 
2026-08-30 18:04:21 +07:00:  ✓ Starting...
2026-08-30 18:04:21 +07:00:    ▲ Next.js 15.5.22
2026-08-30 18:04:21 +07:00:    ▲ Next.js 15.5.22
2026-08-30 18:04:21 +07:00:    - Local:        http://localhost:3000
2026-08-30 18:04:21 +07:00:    - Network:      http://192.168.1.16:3000
2026-08-30 18:04:21 +07:00: 
2026-08-30 18:04:21 +07:00:  ✓ Starting...
2026-08-30 18:04:21 +07:00:    ▲ Next.js 15.5.22
2026-08-30 18:04:21 +07:00:    ▲ Next.js 15.5.22
2026-08-30 18:04:21 +07:00:    ▲ Next.js 15.5.22
2026-08-30 18:04:21 +07:00:    - Local:        http://localhost:3000
2026-08-30 18:04:21 +07:00:    - Network:      http://192.168.1.16:3000
2026-08-30 18:04:21 +07:00: 
2026-08-30 18:04:21 +07:00:  ✓ Starting...
2026-08-30 18:04:21 +07:00:    - Local:        http://localhost:3000
2026-08-30 18:04:21 +07:00:    - Network:      http://192.168.1.16:3000
2026-08-30 18:04:21 +07:00: 
2026-08-30 18:04:21 +07:00:  ✓ Starting...
2026-08-30 18:04:21 +07:00:    ▲ Next.js 15.5.22
2026-08-30 18:04:21 +07:00:    - Local:        http://localhost:3000
2026-08-30 18:04:21 +07:00:    - Network:      http://192.168.1.16:3000
2026-08-30 18:04:21 +07:00: 
2026-08-30 18:04:21 +07:00:  ✓ Starting...
2026-08-30 18:04:21 +07:00:    ▲ Next.js 15.5.22
2026-08-30 18:04:21 +07:00:    - Local:        http://localhost:3000
2026-08-30 18:04:21 +07:00:    - Network:      http://192.168.1.16:3000
2026-08-30 18:04:21 +07:00: 
2026-08-30 18:04:21 +07:00:  ✓ Starting...
2026-08-30 18:04:21 +07:00:    - Local:        http://localhost:3000
2026-08-30 18:04:21 +07:00:    - Network:      http://192.168.1.16:3000
2026-08-30 18:04:21 +07:00: 
2026-08-30 18:04:21 +07:00:  ✓ Starting...
2026-08-30 18:04:21 +07:00:    - Local:        http://localhost:3000
2026-08-30 18:04:21 +07:00:    - Network:      http://192.168.1.16:3000
2026-08-30 18:04:21 +07:00: 
2026-08-30 18:04:21 +07:00:  ✓ Starting...
2026-08-30 18:04:21 +07:00:    - Local:        http://localhost:3000
2026-08-30 18:04:21 +07:00:    - Network:      http://192.168.1.16:3000
2026-08-30 18:04:21 +07:00: 
2026-08-30 18:04:21 +07:00:  ✓ Starting...
2026-08-30 18:04:21 +07:00:    ▲ Next.js 15.5.22
2026-08-30 18:04:21 +07:00:    ▲ Next.js 15.5.22
2026-08-30 18:04:21 +07:00:    - Local:        http://localhost:3000
2026-08-30 18:04:21 +07:00:    - Network:      http://192.168.1.16:3000
2026-08-30 18:04:21 +07:00: 
2026-08-30 18:04:21 +07:00:  ✓ Starting...
2026-08-30 18:04:21 +07:00:    - Local:        http://localhost:3000
2026-08-30 18:04:21 +07:00:    - Network:      http://192.168.1.16:3000
2026-08-30 18:04:21 +07:00: 
2026-08-30 18:04:21 +07:00:  ✓ Starting...
2026-08-30 18:04:22 +07:00:    ▲ Next.js 15.5.22
2026-08-30 18:04:22 +07:00:    - Local:        http://localhost:3000
2026-08-30 18:04:22 +07:00:    - Network:      http://192.168.1.16:3000
2026-08-30 18:04:22 +07:00: 
2026-08-30 18:04:22 +07:00:  ✓ Starting...
2026-08-30 18:04:22 +07:00:    ▲ Next.js 15.5.22
2026-08-30 18:04:22 +07:00:    ▲ Next.js 15.5.22
2026-08-30 18:04:22 +07:00:    - Local:        http://localhost:3000
2026-08-30 18:04:22 +07:00:    - Network:      http://192.168.1.16:3000
2026-08-30 18:04:22 +07:00: 
2026-08-30 18:04:22 +07:00:  ✓ Starting...
2026-08-30 18:04:22 +07:00:    ▲ Next.js 15.5.22
2026-08-30 18:04:22 +07:00:    - Local:        http://localhost:3000
2026-08-30 18:04:22 +07:00:    - Network:      http://192.168.1.16:3000
2026-08-30 18:04:22 +07:00: 
2026-08-30 18:04:22 +07:00:  ✓ Starting...
2026-08-30 18:04:22 +07:00:    ▲ Next.js 15.5.22
2026-08-30 18:04:22 +07:00:    ▲ Next.js 15.5.22
2026-08-30 18:04:22 +07:00:    ▲ Next.js 15.5.22
2026-08-30 18:04:22 +07:00:    - Local:        http://localhost:3000
2026-08-30 18:04:22 +07:00:    - Network:      http://192.168.1.16:3000
2026-08-30 18:04:22 +07:00: 
2026-08-30 18:04:22 +07:00:  ✓ Starting...
2026-08-30 18:04:22 +07:00:    ▲ Next.js 15.5.22
2026-08-30 18:04:22 +07:00:    - Local:        http://localhost:3000
2026-08-30 18:04:22 +07:00:    - Network:      http://192.168.1.16:3000
2026-08-30 18:04:22 +07:00: 
2026-08-30 18:04:22 +07:00:  ✓ Starting...
2026-08-30 18:04:22 +07:00:    - Local:        http://localhost:3000
2026-08-30 18:04:22 +07:00:    - Network:      http://192.168.1.16:3000
2026-08-30 18:04:22 +07:00: 
2026-08-30 18:04:22 +07:00:  ✓ Starting...
2026-08-30 18:04:22 +07:00:    ▲ Next.js 15.5.22
2026-08-30 18:04:22 +07:00:    - Local:        http://localhost:3000
2026-08-30 18:04:22 +07:00:    - Network:      http://192.168.1.16:3000
2026-08-30 18:04:22 +07:00: 
2026-08-30 18:04:22 +07:00:  ✓ Starting...
2026-08-30 18:04:22 +07:00:    - Local:        http://localhost:3000
2026-08-30 18:04:22 +07:00:    - Network:      http://192.168.1.16:3000
2026-08-30 18:04:22 +07:00: 
2026-08-30 18:04:22 +07:00:  ✓ Starting...
2026-08-30 18:04:23 +07:00:    ▲ Next.js 15.5.22
2026-08-30 18:04:22 +07:00:    - Local:        http://localhost:3000
2026-08-30 18:04:22 +07:00:    - Network:      http://192.168.1.16:3000
2026-08-30 18:04:22 +07:00: 
2026-08-30 18:04:22 +07:00:  ✓ Starting...
2026-08-30 18:04:23 +07:00:    ▲ Next.js 15.5.22
2026-08-30 18:04:23 +07:00:    - Local:        http://localhost:3000
2026-08-30 18:04:23 +07:00:    - Network:      http://192.168.1.16:3000
2026-08-30 18:04:23 +07:00: 
2026-08-30 18:04:23 +07:00:  ✓ Starting...
2026-08-30 18:04:23 +07:00:    ▲ Next.js 15.5.22
2026-08-30 18:04:23 +07:00:    - Local:        http://localhost:3000
2026-08-30 18:04:23 +07:00:    - Network:      http://192.168.1.16:3000
2026-08-30 18:04:23 +07:00: 
2026-08-30 18:04:23 +07:00:  ✓ Starting...
2026-08-30 18:04:23 +07:00:    - Local:        http://localhost:3000
2026-08-30 18:04:23 +07:00:    - Network:      http://192.168.1.16:3000
2026-08-30 18:04:23 +07:00: 
2026-08-30 18:04:23 +07:00:  ✓ Starting...
2026-08-30 18:04:23 +07:00:    ▲ Next.js 15.5.22
2026-08-30 18:04:23 +07:00:    - Local:        http://localhost:3000
2026-08-30 18:04:23 +07:00:    - Network:      http://192.168.1.16:3000
2026-08-30 18:04:23 +07:00: 
2026-08-30 18:04:23 +07:00:  ✓ Starting...
2026-08-30 18:04:23 +07:00:    ▲ Next.js 15.5.22
2026-08-30 18:04:23 +07:00:    ▲ Next.js 15.5.22
2026-08-30 18:04:23 +07:00:    ▲ Next.js 15.5.22
2026-08-30 18:04:23 +07:00:    - Local:        http://localhost:3000
2026-08-30 18:04:23 +07:00:    - Network:      http://192.168.1.16:3000
2026-08-30 18:04:23 +07:00: 
2026-08-30 18:04:23 +07:00:  ✓ Starting...
2026-08-30 18:04:23 +07:00:    - Local:        http://localhost:3000
2026-08-30 18:04:23 +07:00:    - Network:      http://192.168.1.16:3000
2026-08-30 18:04:23 +07:00: 
2026-08-30 18:04:23 +07:00:  ✓ Starting...
2026-08-30 18:04:24 +07:00:    ▲ Next.js 15.5.22
2026-08-30 18:04:23 +07:00:    - Local:        http://localhost:3000
2026-08-30 18:04:23 +07:00:    - Network:      http://192.168.1.16:3000
2026-08-30 18:04:23 +07:00: 
2026-08-30 18:04:23 +07:00:  ✓ Starting...
2026-08-30 18:04:24 +07:00:    ▲ Next.js 15.5.22
2026-08-30 18:04:24 +07:00:    ▲ Next.js 15.5.22
2026-08-30 18:04:24 +07:00:    ▲ Next.js 15.5.22
2026-08-30 18:04:24 +07:00:    - Local:        http://localhost:3000
2026-08-30 18:04:24 +07:00:    - Network:      http://192.168.1.16:3000
2026-08-30 18:04:24 +07:00: 
2026-08-30 18:04:24 +07:00:  ✓ Starting...
2026-08-30 18:04:24 +07:00:    - Local:        http://localhost:3000
2026-08-30 18:04:24 +07:00:    - Network:      http://192.168.1.16:3000
2026-08-30 18:04:24 +07:00: 
2026-08-30 18:04:24 +07:00:  ✓ Starting...
2026-08-30 18:04:24 +07:00:    ▲ Next.js 15.5.22
2026-08-30 18:04:24 +07:00:    - Local:        http://localhost:3000
2026-08-30 18:04:24 +07:00:    - Network:      http://192.168.1.16:3000
2026-08-30 18:04:24 +07:00: 
2026-08-30 18:04:24 +07:00:  ✓ Starting...
2026-08-30 18:04:24 +07:00:    ▲ Next.js 15.5.22
2026-08-30 18:04:24 +07:00:    - Local:        http://localhost:3000
2026-08-30 18:04:24 +07:00:    - Network:      http://192.168.1.16:3000
2026-08-30 18:04:24 +07:00: 
2026-08-30 18:04:24 +07:00:  ✓ Starting...
2026-08-30 18:04:24 +07:00:    - Local:        http://localhost:3000
2026-08-30 18:04:24 +07:00:    - Network:      http://192.168.1.16:3000
2026-08-30 18:04:24 +07:00: 
2026-08-30 18:04:24 +07:00:  ✓ Starting...
2026-08-30 18:04:24 +07:00:    - Local:        http://localhost:3000
2026-08-30 18:04:24 +07:00:    - Network:      http://192.168.1.16:3000
2026-08-30 18:04:24 +07:00: 
2026-08-30 18:04:24 +07:00:  ✓ Starting...
2026-08-30 18:04:24 +07:00:    ▲ Next.js 15.5.22
2026-08-30 18:04:24 +07:00:    ▲ Next.js 15.5.22
2026-08-30 18:04:24 +07:00:    - Local:        http://localhost:3000
2026-08-30 18:04:24 +07:00:    - Network:      http://192.168.1.16:3000
2026-08-30 18:04:24 +07:00: 
2026-08-30 18:04:24 +07:00:  ✓ Starting...
2026-08-30 18:04:24 +07:00:    ▲ Next.js 15.5.22
2026-08-30 18:04:24 +07:00:    - Local:        http://localhost:3000
2026-08-30 18:04:24 +07:00:    - Network:      http://192.168.1.16:3000
2026-08-30 18:04:24 +07:00: 
2026-08-30 18:04:24 +07:00:  ✓ Starting...
2026-08-30 18:04:24 +07:00:    - Local:        http://localhost:3000
2026-08-30 18:04:24 +07:00:    - Network:      http://192.168.1.16:3000
2026-08-30 18:04:24 +07:00: 
2026-08-30 18:04:24 +07:00:  ✓ Starting...
2026-08-30 18:04:25 +07:00:    ▲ Next.js 15.5.22
2026-08-30 18:04:25 +07:00:    ▲ Next.js 15.5.22
2026-08-30 18:04:25 +07:00:    ▲ Next.js 15.5.22
2026-08-30 18:04:25 +07:00:    - Local:        http://localhost:3000
2026-08-30 18:04:25 +07:00:    - Network:      http://192.168.1.16:3000
2026-08-30 18:04:25 +07:00: 
2026-08-30 18:04:25 +07:00:  ✓ Starting...
2026-08-30 18:04:25 +07:00:    - Local:        http://localhost:3000
2026-08-30 18:04:25 +07:00:    - Network:      http://192.168.1.16:3000
2026-08-30 18:04:25 +07:00: 
2026-08-30 18:04:25 +07:00:  ✓ Starting...
2026-08-30 18:04:25 +07:00:    ▲ Next.js 15.5.22
2026-08-30 18:04:25 +07:00:    ▲ Next.js 15.5.22
2026-08-30 18:04:25 +07:00:    ▲ Next.js 15.5.22
2026-08-30 18:04:25 +07:00:    - Local:        http://localhost:3000
2026-08-30 18:04:25 +07:00:    - Network:      http://192.168.1.16:3000
2026-08-30 18:04:25 +07:00: 
2026-08-30 18:04:25 +07:00:  ✓ Starting...
2026-08-30 18:04:25 +07:00:    - Local:        http://localhost:3000
2026-08-30 18:04:25 +07:00:    - Network:      http://192.168.1.16:3000
2026-08-30 18:04:25 +07:00: 
2026-08-30 18:04:25 +07:00:  ✓ Starting...
2026-08-30 18:04:25 +07:00:    ▲ Next.js 15.5.22
2026-08-30 18:04:25 +07:00:    - Local:        http://localhost:3000
2026-08-30 18:04:25 +07:00:    - Network:      http://192.168.1.16:3000
2026-08-30 18:04:25 +07:00: 
2026-08-30 18:04:25 +07:00:  ✓ Starting...
2026-08-30 18:04:25 +07:00:    - Local:        http://localhost:3000
2026-08-30 18:04:25 +07:00:    - Network:      http://192.168.1.16:3000
2026-08-30 18:04:25 +07:00: 
2026-08-30 18:04:25 +07:00:  ✓ Starting...
2026-08-30 18:04:25 +07:00:    ▲ Next.js 15.5.22
2026-08-30 18:04:25 +07:00:    ▲ Next.js 15.5.22
2026-08-30 18:04:25 +07:00:    - Local:        http://localhost:3000
2026-08-30 18:04:25 +07:00:    - Network:      http://192.168.1.16:3000
2026-08-30 18:04:25 +07:00: 
2026-08-30 18:04:25 +07:00:  ✓ Starting...
2026-08-30 18:04:25 +07:00:    - Local:        http://localhost:3000
2026-08-30 18:04:25 +07:00:    - Network:      http://192.168.1.16:3000
2026-08-30 18:04:25 +07:00: 
2026-08-30 18:04:25 +07:00:  ✓ Starting...
2026-08-30 18:04:25 +07:00:    - Local:        http://localhost:3000
2026-08-30 18:04:25 +07:00:    - Network:      http://192.168.1.16:3000
2026-08-30 18:04:25 +07:00: 
2026-08-30 18:04:25 +07:00:  ✓ Starting...
2026-08-30 18:04:26 +07:00:    ▲ Next.js 15.5.22
2026-08-30 18:04:26 +07:00:    ▲ Next.js 15.5.22
2026-08-30 18:04:26 +07:00:    - Local:        http://localhost:3000
2026-08-30 18:04:26 +07:00:    - Network:      http://192.168.1.16:3000
2026-08-30 18:04:26 +07:00: 
2026-08-30 18:04:26 +07:00:  ✓ Starting...
2026-08-30 18:04:26 +07:00:    ▲ Next.js 15.5.22
2026-08-30 18:04:26 +07:00:    - Local:        http://localhost:3000
2026-08-30 18:04:26 +07:00:    - Network:      http://192.168.1.16:3000
2026-08-30 18:04:26 +07:00: 
2026-08-30 18:04:26 +07:00:  ✓ Starting...
2026-08-30 18:04:26 +07:00:    - Local:        http://localhost:3000
2026-08-30 18:04:26 +07:00:    - Network:      http://192.168.1.16:3000
2026-08-30 18:04:26 +07:00: 
2026-08-30 18:04:26 +07:00:  ✓ Starting...
2026-08-30 18:04:26 +07:00:    ▲ Next.js 15.5.22
2026-08-30 18:04:26 +07:00:    ▲ Next.js 15.5.22
2026-08-30 18:04:26 +07:00:    ▲ Next.js 15.5.22
2026-08-30 18:04:26 +07:00:    - Local:        http://localhost:3000
2026-08-30 18:04:26 +07:00:    - Network:      http://192.168.1.16:3000
2026-08-30 18:04:26 +07:00: 
2026-08-30 18:04:26 +07:00:  ✓ Starting...
2026-08-30 18:04:26 +07:00:    - Local:        http://localhost:3000
2026-08-30 18:04:26 +07:00:    - Network:      http://192.168.1.16:3000
2026-08-30 18:04:26 +07:00: 
2026-08-30 18:04:26 +07:00:  ✓ Starting...
2026-08-30 18:04:26 +07:00:    ▲ Next.js 15.5.22
2026-08-30 18:04:26 +07:00:    - Local:        http://localhost:3000
2026-08-30 18:04:26 +07:00:    - Network:      http://192.168.1.16:3000
2026-08-30 18:04:26 +07:00: 
2026-08-30 18:04:26 +07:00:  ✓ Starting...
2026-08-30 18:04:27 +07:00:    ▲ Next.js 15.5.22
2026-08-30 18:04:27 +07:00:    ▲ Next.js 15.5.22
2026-08-30 18:04:27 +07:00:    ▲ Next.js 15.5.22
2026-08-30 18:04:26 +07:00:    - Local:        http://localhost:3000
2026-08-30 18:04:26 +07:00:    - Network:      http://192.168.1.16:3000
2026-08-30 18:04:26 +07:00: 
2026-08-30 18:04:26 +07:00:  ✓ Starting...
2026-08-30 18:04:27 +07:00:    - Local:        http://localhost:3000
2026-08-30 18:04:27 +07:00:    - Network:      http://192.168.1.16:3000
2026-08-30 18:04:27 +07:00: 
2026-08-30 18:04:27 +07:00:  ✓ Starting...
2026-08-30 18:04:27 +07:00:    ▲ Next.js 15.5.22
2026-08-30 18:04:27 +07:00:    - Local:        http://localhost:3000
2026-08-30 18:04:27 +07:00:    - Network:      http://192.168.1.16:3000
2026-08-30 18:04:27 +07:00: 
2026-08-30 18:04:27 +07:00:  ✓ Starting...
2026-08-30 18:04:27 +07:00:    ▲ Next.js 15.5.22
2026-08-30 18:04:27 +07:00:    - Local:        http://localhost:3000
2026-08-30 18:04:27 +07:00:    - Network:      http://192.168.1.16:3000
2026-08-30 18:04:27 +07:00: 
2026-08-30 18:04:27 +07:00:  ✓ Starting...
2026-08-30 18:04:27 +07:00:    - Local:        http://localhost:3000
2026-08-30 18:04:27 +07:00:    - Network:      http://192.168.1.16:3000
2026-08-30 18:04:27 +07:00: 
2026-08-30 18:04:27 +07:00:  ✓ Starting...
2026-08-30 18:04:27 +07:00:    - Local:        http://localhost:3000
2026-08-30 18:04:27 +07:00:    - Network:      http://192.168.1.16:3000
2026-08-30 18:04:27 +07:00: 
2026-08-30 18:04:27 +07:00:  ✓ Starting...
2026-08-30 18:04:27 +07:00:    ▲ Next.js 15.5.22
2026-08-30 18:04:27 +07:00:    ▲ Next.js 15.5.22
2026-08-30 18:04:27 +07:00:    - Local:        http://localhost:3000
2026-08-30 18:04:27 +07:00:    - Network:      http://192.168.1.16:3000
2026-08-30 18:04:27 +07:00: 
2026-08-30 18:04:27 +07:00:  ✓ Starting...
2026-08-30 18:04:27 +07:00:    - Local:        http://localhost:3000
2026-08-30 18:04:27 +07:00:    - Network:      http://192.168.1.16:3000
2026-08-30 18:04:27 +07:00: 
2026-08-30 18:04:27 +07:00:  ✓ Starting...
2026-08-30 18:04:27 +07:00:    ▲ Next.js 15.5.22
2026-08-30 18:04:27 +07:00:    - Local:        http://localhost:3000
2026-08-30 18:04:27 +07:00:    - Network:      http://192.168.1.16:3000
2026-08-30 18:04:27 +07:00: 
2026-08-30 18:04:27 +07:00:  ✓ Starting...
2026-08-30 18:04:28 +07:00:    ▲ Next.js 15.5.22
2026-08-30 18:04:28 +07:00:    ▲ Next.js 15.5.22
2026-08-30 18:04:28 +07:00:    - Local:        http://localhost:3000
2026-08-30 18:04:28 +07:00:    - Network:      http://192.168.1.16:3000
2026-08-30 18:04:28 +07:00: 
2026-08-30 18:04:28 +07:00:  ✓ Starting...
2026-08-30 18:04:28 +07:00:    ▲ Next.js 15.5.22
2026-08-30 18:04:28 +07:00:    - Local:        http://localhost:3000
2026-08-30 18:04:28 +07:00:    - Network:      http://192.168.1.16:3000
2026-08-30 18:04:28 +07:00: 
2026-08-30 18:04:28 +07:00:  ✓ Starting...
2026-08-30 18:04:28 +07:00:    ▲ Next.js 15.5.22
2026-08-30 18:04:28 +07:00:    ▲ Next.js 15.5.22
2026-08-30 18:04:28 +07:00:    - Local:        http://localhost:3000
2026-08-30 18:04:28 +07:00:    - Network:      http://192.168.1.16:3000
2026-08-30 18:04:28 +07:00: 
2026-08-30 18:04:28 +07:00:  ✓ Starting...
2026-08-30 18:04:28 +07:00:    ▲ Next.js 15.5.22
2026-08-30 18:04:28 +07:00:    ▲ Next.js 15.5.22
2026-08-30 18:04:28 +07:00:    - Local:        http://localhost:3000
2026-08-30 18:04:28 +07:00:    - Network:      http://192.168.1.16:3000
2026-08-30 18:04:28 +07:00: 
2026-08-30 18:04:28 +07:00:  ✓ Starting...
2026-08-30 18:04:28 +07:00:    - Local:        http://localhost:3000
2026-08-30 18:04:28 +07:00:    - Network:      http://192.168.1.16:3000
2026-08-30 18:04:28 +07:00: 
2026-08-30 18:04:28 +07:00:  ✓ Starting...
2026-08-30 18:04:28 +07:00:    - Local:        http://localhost:3000
2026-08-30 18:04:28 +07:00:    - Network:      http://192.168.1.16:3000
2026-08-30 18:04:28 +07:00: 
2026-08-30 18:04:28 +07:00:  ✓ Starting...
2026-08-30 18:04:28 +07:00:    ▲ Next.js 15.5.22
2026-08-30 18:04:28 +07:00:    - Local:        http://localhost:3000
2026-08-30 18:04:28 +07:00:    - Network:      http://192.168.1.16:3000
2026-08-30 18:04:28 +07:00: 
2026-08-30 18:04:28 +07:00:  ✓ Starting...
2026-08-30 18:04:28 +07:00:    ▲ Next.js 15.5.22
2026-08-30 18:04:28 +07:00:    - Local:        http://localhost:3000
2026-08-30 18:04:28 +07:00:    - Network:      http://192.168.1.16:3000
2026-08-30 18:04:28 +07:00: 
2026-08-30 18:04:28 +07:00:  ✓ Starting...
2026-08-30 18:04:28 +07:00:    - Local:        http://localhost:3000
2026-08-30 18:04:28 +07:00:    - Network:      http://192.168.1.16:3000
2026-08-30 18:04:28 +07:00: 
2026-08-30 18:04:28 +07:00:  ✓ Starting...
2026-08-30 18:04:28 +07:00:    ▲ Next.js 15.5.22
2026-08-30 18:04:28 +07:00:    ▲ Next.js 15.5.22
2026-08-30 18:04:28 +07:00:    - Local:        http://localhost:3000
2026-08-30 18:04:28 +07:00:    - Network:      http://192.168.1.16:3000
2026-08-30 18:04:28 +07:00: 
2026-08-30 18:04:28 +07:00:  ✓ Starting...
2026-08-30 18:04:28 +07:00:    - Local:        http://localhost:3000
2026-08-30 18:04:28 +07:00:    - Network:      http://192.168.1.16:3000
2026-08-30 18:04:28 +07:00: 
2026-08-30 18:04:28 +07:00:  ✓ Starting...
2026-08-30 18:04:29 +07:00:    ▲ Next.js 15.5.22
2026-08-30 18:04:29 +07:00:    - Local:        http://localhost:3000
2026-08-30 18:04:29 +07:00:    - Network:      http://192.168.1.16:3000
2026-08-30 18:04:29 +07:00: 
2026-08-30 18:04:29 +07:00:  ✓ Starting...
2026-08-30 18:04:29 +07:00:    ▲ Next.js 15.5.22
2026-08-30 18:04:29 +07:00:    ▲ Next.js 15.5.22
2026-08-30 18:04:29 +07:00:    - Local:        http://localhost:3000
2026-08-30 18:04:29 +07:00:    - Network:      http://192.168.1.16:3000
2026-08-30 18:04:29 +07:00: 
2026-08-30 18:04:29 +07:00:  ✓ Starting...
2026-08-30 18:04:29 +07:00:    ▲ Next.js 15.5.22
2026-08-30 18:04:29 +07:00:    - Local:        http://localhost:3000
2026-08-30 18:04:29 +07:00:    - Network:      http://192.168.1.16:3000
2026-08-30 18:04:29 +07:00: 
2026-08-30 18:04:29 +07:00:  ✓ Starting...
2026-08-30 18:04:29 +07:00:    ▲ Next.js 15.5.22
2026-08-30 18:04:29 +07:00:    ▲ Next.js 15.5.22
2026-08-30 18:04:29 +07:00:    - Local:        http://localhost:3000
2026-08-30 18:04:29 +07:00:    - Network:      http://192.168.1.16:3000
2026-08-30 18:04:29 +07:00: 
2026-08-30 18:04:29 +07:00:  ✓ Starting...
2026-08-30 18:04:29 +07:00:    ▲ Next.js 15.5.22
2026-08-30 18:04:29 +07:00:    ▲ Next.js 15.5.22
2026-08-30 18:04:29 +07:00:    - Local:        http://localhost:3000
2026-08-30 18:04:29 +07:00:    - Network:      http://192.168.1.16:3000
2026-08-30 18:04:29 +07:00: 
2026-08-30 18:04:29 +07:00:  ✓ Starting...
2026-08-30 18:04:29 +07:00:    - Local:        http://localhost:3000
2026-08-30 18:04:29 +07:00:    - Network:      http://192.168.1.16:3000
2026-08-30 18:04:29 +07:00: 
2026-08-30 18:04:29 +07:00:  ✓ Starting...
2026-08-30 18:04:29 +07:00:    ▲ Next.js 15.5.22
2026-08-30 18:04:29 +07:00:    - Local:        http://localhost:3000
2026-08-30 18:04:29 +07:00:    - Network:      http://192.168.1.16:3000
2026-08-30 18:04:29 +07:00: 
2026-08-30 18:04:29 +07:00:  ✓ Starting...
2026-08-30 18:04:29 +07:00:    - Local:        http://localhost:3000
2026-08-30 18:04:29 +07:00:    - Network:      http://192.168.1.16:3000
2026-08-30 18:04:29 +07:00: 
2026-08-30 18:04:29 +07:00:  ✓ Starting...
2026-08-30 18:04:30 +07:00:    ▲ Next.js 15.5.22
2026-08-30 18:04:29 +07:00:    - Local:        http://localhost:3000
2026-08-30 18:04:29 +07:00:    - Network:      http://192.168.1.16:3000
2026-08-30 18:04:29 +07:00: 
2026-08-30 18:04:29 +07:00:  ✓ Starting...
2026-08-30 18:04:30 +07:00:    - Local:        http://localhost:3000
2026-08-30 18:04:30 +07:00:    - Network:      http://192.168.1.16:3000
2026-08-30 18:04:30 +07:00: 
2026-08-30 18:04:30 +07:00:  ✓ Starting...
2026-08-30 18:04:30 +07:00:    ▲ Next.js 15.5.22
2026-08-30 18:04:30 +07:00:    ▲ Next.js 15.5.22
2026-08-30 18:04:30 +07:00:    - Local:        http://localhost:3000
2026-08-30 18:04:30 +07:00:    - Network:      http://192.168.1.16:3000
2026-08-30 18:04:30 +07:00: 
2026-08-30 18:04:30 +07:00:  ✓ Starting...
2026-08-30 18:04:30 +07:00:    - Local:        http://localhost:3000
2026-08-30 18:04:30 +07:00:    - Network:      http://192.168.1.16:3000
2026-08-30 18:04:30 +07:00: 
2026-08-30 18:04:30 +07:00:  ✓ Starting...
2026-08-30 18:04:30 +07:00:    ▲ Next.js 15.5.22
2026-08-30 18:04:30 +07:00:    - Local:        http://localhost:3000
2026-08-30 18:04:30 +07:00:    - Network:      http://192.168.1.16:3000
2026-08-30 18:04:30 +07:00: 
2026-08-30 18:04:30 +07:00:  ✓ Starting...
2026-08-30 18:04:30 +07:00:    ▲ Next.js 15.5.22
2026-08-30 18:04:30 +07:00:    ▲ Next.js 15.5.22
2026-08-30 18:04:30 +07:00:    - Local:        http://localhost:3000
2026-08-30 18:04:30 +07:00:    - Network:      http://192.168.1.16:3000
2026-08-30 18:04:30 +07:00: 
2026-08-30 18:04:30 +07:00:  ✓ Starting...
2026-08-30 18:04:30 +07:00:    - Local:        http://localhost:3000
2026-08-30 18:04:30 +07:00:    - Network:      http://192.168.1.16:3000
2026-08-30 18:04:30 +07:00: 
2026-08-30 18:04:30 +07:00:  ✓ Starting...
2026-08-30 18:04:31 +07:00:    ▲ Next.js 15.5.22
2026-08-30 18:04:31 +07:00:    ▲ Next.js 15.5.22
2026-08-30 18:04:31 +07:00:    ▲ Next.js 15.5.22
2026-08-30 18:04:31 +07:00:    ▲ Next.js 15.5.22
2026-08-30 18:04:31 +07:00:    - Local:        http://localhost:3000
2026-08-30 18:04:31 +07:00:    - Network:      http://192.168.1.16:3000
2026-08-30 18:04:31 +07:00: 
2026-08-30 18:04:31 +07:00:  ✓ Starting...
2026-08-30 18:04:31 +07:00:    ▲ Next.js 15.5.22
2026-08-30 18:04:31 +07:00:    ▲ Next.js 15.5.22
2026-08-30 18:04:31 +07:00:    - Local:        http://localhost:3000
2026-08-30 18:04:31 +07:00:    - Network:      http://192.168.1.16:3000
2026-08-30 18:04:31 +07:00: 
2026-08-30 18:04:31 +07:00:  ✓ Starting...
2026-08-30 18:04:31 +07:00:    - Local:        http://localhost:3000
2026-08-30 18:04:31 +07:00:    - Network:      http://192.168.1.16:3000
2026-08-30 18:04:31 +07:00: 
2026-08-30 18:04:31 +07:00:  ✓ Starting...
2026-08-30 18:04:31 +07:00:    - Local:        http://localhost:3000
2026-08-30 18:04:31 +07:00:    - Network:      http://192.168.1.16:3000
2026-08-30 18:04:31 +07:00: 
2026-08-30 18:04:31 +07:00:  ✓ Starting...
2026-08-30 18:04:31 +07:00:    ▲ Next.js 15.5.22
2026-08-30 18:04:31 +07:00:    - Local:        http://localhost:3000
2026-08-30 18:04:31 +07:00:    - Network:      http://192.168.1.16:3000
2026-08-30 18:04:31 +07:00: 
2026-08-30 18:04:31 +07:00:  ✓ Starting...
2026-08-30 18:04:31 +07:00:    - Local:        http://localhost:3000
2026-08-30 18:04:31 +07:00:    - Network:      http://192.168.1.16:3000
2026-08-30 18:04:31 +07:00: 
2026-08-30 18:04:31 +07:00:  ✓ Starting...
2026-08-30 18:04:31 +07:00:    - Local:        http://localhost:3000
2026-08-30 18:04:31 +07:00:    - Network:      http://192.168.1.16:3000
2026-08-30 18:04:31 +07:00: 
2026-08-30 18:04:31 +07:00:  ✓ Starting...
2026-08-30 18:04:31 +07:00:    ▲ Next.js 15.5.22
2026-08-30 18:04:31 +07:00:    ▲ Next.js 15.5.22
2026-08-30 18:04:31 +07:00:    - Local:        http://localhost:3000
2026-08-30 18:04:31 +07:00:    - Network:      http://192.168.1.16:3000
2026-08-30 18:04:31 +07:00: 
2026-08-30 18:04:31 +07:00:  ✓ Starting...
2026-08-30 18:04:31 +07:00:    ▲ Next.js 15.5.22
2026-08-30 18:04:31 +07:00:    - Local:        http://localhost:3000
2026-08-30 18:04:31 +07:00:    - Network:      http://192.168.1.16:3000
2026-08-30 18:04:31 +07:00: 
2026-08-30 18:04:31 +07:00:  ✓ Starting...
2026-08-30 18:04:31 +07:00:    - Local:        http://localhost:3000
2026-08-30 18:04:31 +07:00:    - Network:      http://192.168.1.16:3000
2026-08-30 18:04:31 +07:00: 
2026-08-30 18:04:31 +07:00:  ✓ Starting...
2026-08-30 18:04:32 +07:00:    ▲ Next.js 15.5.22
2026-08-30 18:04:32 +07:00:    ▲ Next.js 15.5.22
2026-08-30 18:04:32 +07:00:    ▲ Next.js 15.5.22
2026-08-30 18:04:32 +07:00:    - Local:        http://localhost:3000
2026-08-30 18:04:32 +07:00:    - Network:      http://192.168.1.16:3000
2026-08-30 18:04:32 +07:00: 
2026-08-30 18:04:32 +07:00:  ✓ Starting...
2026-08-30 18:04:32 +07:00:    - Local:        http://localhost:3000
2026-08-30 18:04:32 +07:00:    - Network:      http://192.168.1.16:3000
2026-08-30 18:04:32 +07:00: 
2026-08-30 18:04:32 +07:00:  ✓ Starting...
2026-08-30 18:04:32 +07:00:    ▲ Next.js 15.5.22
2026-08-30 18:04:32 +07:00:    - Local:        http://localhost:3000
2026-08-30 18:04:32 +07:00:    - Network:      http://192.168.1.16:3000
2026-08-30 18:04:32 +07:00: 
2026-08-30 18:04:32 +07:00:  ✓ Starting...
2026-08-30 18:04:32 +07:00:    ▲ Next.js 15.5.22
2026-08-30 18:04:32 +07:00:    - Local:        http://localhost:3000
2026-08-30 18:04:32 +07:00:    - Network:      http://192.168.1.16:3000
2026-08-30 18:04:32 +07:00: 
2026-08-30 18:04:32 +07:00:  ✓ Starting...
2026-08-30 18:04:32 +07:00:    ▲ Next.js 15.5.22
2026-08-30 18:04:32 +07:00:    ▲ Next.js 15.5.22
2026-08-30 18:04:32 +07:00:    - Local:        http://localhost:3000
2026-08-30 18:04:32 +07:00:    - Network:      http://192.168.1.16:3000
2026-08-30 18:04:32 +07:00: 
2026-08-30 18:04:32 +07:00:  ✓ Starting...
2026-08-30 18:04:32 +07:00:    ▲ Next.js 15.5.22
2026-08-30 18:04:32 +07:00:    - Local:        http://localhost:3000
2026-08-30 18:04:32 +07:00:    - Network:      http://192.168.1.16:3000
2026-08-30 18:04:32 +07:00: 
2026-08-30 18:04:32 +07:00:  ✓ Starting...
2026-08-30 18:04:32 +07:00:    - Local:        http://localhost:3000
2026-08-30 18:04:32 +07:00:    - Network:      http://192.168.1.16:3000
2026-08-30 18:04:32 +07:00: 
2026-08-30 18:04:32 +07:00:  ✓ Starting...
2026-08-30 18:04:32 +07:00:    ▲ Next.js 15.5.22
2026-08-30 18:04:32 +07:00:    - Local:        http://localhost:3000
2026-08-30 18:04:32 +07:00:    - Network:      http://192.168.1.16:3000
2026-08-30 18:04:32 +07:00: 
2026-08-30 18:04:32 +07:00:  ✓ Starting...
2026-08-30 18:04:32 +07:00:    - Local:        http://localhost:3000
2026-08-30 18:04:32 +07:00:    - Network:      http://192.168.1.16:3000
2026-08-30 18:04:32 +07:00: 
2026-08-30 18:04:32 +07:00:  ✓ Starting...
2026-08-30 18:04:33 +07:00:    ▲ Next.js 15.5.22
2026-08-30 18:04:33 +07:00:    ▲ Next.js 15.5.22
2026-08-30 18:04:33 +07:00:    ▲ Next.js 15.5.22
2026-08-30 18:04:33 +07:00:    - Local:        http://localhost:3000
2026-08-30 18:04:33 +07:00:    - Network:      http://192.168.1.16:3000
2026-08-30 18:04:33 +07:00: 
2026-08-30 18:04:33 +07:00:  ✓ Starting...
2026-08-30 18:04:33 +07:00:    - Local:        http://localhost:3000
2026-08-30 18:04:33 +07:00:    - Network:      http://192.168.1.16:3000
2026-08-30 18:04:33 +07:00: 
2026-08-30 18:04:33 +07:00:  ✓ Starting...
2026-08-30 18:04:33 +07:00:    - Local:        http://localhost:3000
2026-08-30 18:04:33 +07:00:    - Network:      http://192.168.1.16:3000
2026-08-30 18:04:33 +07:00: 
2026-08-30 18:04:33 +07:00:  ✓ Starting...
2026-08-30 18:04:33 +07:00:    ▲ Next.js 15.5.22
2026-08-30 18:04:33 +07:00:    ▲ Next.js 15.5.22
2026-08-30 18:04:33 +07:00:    ▲ Next.js 15.5.22
2026-08-30 18:04:33 +07:00:    - Local:        http://localhost:3000
2026-08-30 18:04:33 +07:00:    - Network:      http://192.168.1.16:3000
2026-08-30 18:04:33 +07:00: 
2026-08-30 18:04:33 +07:00:  ✓ Starting...
2026-08-30 18:04:33 +07:00:    - Local:        http://localhost:3000
2026-08-30 18:04:33 +07:00:    - Network:      http://192.168.1.16:3000
2026-08-30 18:04:33 +07:00: 
2026-08-30 18:04:33 +07:00:  ✓ Starting...
2026-08-30 18:04:34 +07:00:    ▲ Next.js 15.5.22
2026-08-30 18:04:33 +07:00:    - Local:        http://localhost:3000
2026-08-30 18:04:33 +07:00:    - Network:      http://192.168.1.16:3000
2026-08-30 18:04:33 +07:00: 
2026-08-30 18:04:33 +07:00:  ✓ Starting...
2026-08-30 18:04:34 +07:00:    ▲ Next.js 15.5.22
2026-08-30 18:04:34 +07:00:    ▲ Next.js 15.5.22
2026-08-30 18:04:34 +07:00:    ▲ Next.js 15.5.22
2026-08-30 18:04:34 +07:00:    ▲ Next.js 15.5.22
2026-08-30 18:04:34 +07:00:    - Local:        http://localhost:3000
2026-08-30 18:04:34 +07:00:    - Network:      http://192.168.1.16:3000
2026-08-30 18:04:34 +07:00: 
2026-08-30 18:04:34 +07:00:  ✓ Starting...
2026-08-30 18:04:34 +07:00:    - Local:        http://localhost:3000
2026-08-30 18:04:34 +07:00:    - Network:      http://192.168.1.16:3000
2026-08-30 18:04:34 +07:00: 
2026-08-30 18:04:34 +07:00:  ✓ Starting...
2026-08-30 18:04:34 +07:00:    - Local:        http://localhost:3000
2026-08-30 18:04:34 +07:00:    - Network:      http://192.168.1.16:3000
2026-08-30 18:04:34 +07:00: 
2026-08-30 18:04:34 +07:00:  ✓ Starting...
2026-08-30 18:04:34 +07:00:    - Local:        http://localhost:3000
2026-08-30 18:04:34 +07:00:    - Network:      http://192.168.1.16:3000
2026-08-30 18:04:34 +07:00: 
2026-08-30 18:04:34 +07:00:  ✓ Starting...
2026-08-30 18:04:34 +07:00:    - Local:        http://localhost:3000
2026-08-30 18:04:34 +07:00:    - Network:      http://192.168.1.16:3000
2026-08-30 18:04:34 +07:00: 
2026-08-30 18:04:34 +07:00:  ✓ Starting...
2026-08-30 18:04:34 +07:00:    ▲ Next.js 15.5.22
2026-08-30 18:04:34 +07:00:    ▲ Next.js 15.5.22
2026-08-30 18:04:34 +07:00:    ▲ Next.js 15.5.22
2026-08-30 18:04:34 +07:00:    ▲ Next.js 15.5.22
2026-08-30 18:04:34 +07:00:    - Local:        http://localhost:3000
2026-08-30 18:04:34 +07:00:    - Network:      http://192.168.1.16:3000
2026-08-30 18:04:34 +07:00: 
2026-08-30 18:04:34 +07:00:  ✓ Starting...
2026-08-30 18:04:34 +07:00:    - Local:        http://localhost:3000
2026-08-30 18:04:34 +07:00:    - Network:      http://192.168.1.16:3000
2026-08-30 18:04:34 +07:00: 
2026-08-30 18:04:34 +07:00:  ✓ Starting...
2026-08-30 18:04:34 +07:00:    - Local:        http://localhost:3000
2026-08-30 18:04:34 +07:00:    - Network:      http://192.168.1.16:3000
2026-08-30 18:04:34 +07:00: 
2026-08-30 18:04:34 +07:00:  ✓ Starting...
2026-08-30 18:04:34 +07:00:    - Local:        http://localhost:3000
2026-08-30 18:04:34 +07:00:    - Network:      http://192.168.1.16:3000
2026-08-30 18:04:34 +07:00: 
2026-08-30 18:04:34 +07:00:  ✓ Starting...
2026-08-30 18:04:35 +07:00:    ▲ Next.js 15.5.22
2026-08-30 18:04:35 +07:00:    ▲ Next.js 15.5.22
2026-08-30 18:04:35 +07:00:    ▲ Next.js 15.5.22
2026-08-30 18:04:35 +07:00:    - Local:        http://localhost:3000
2026-08-30 18:04:35 +07:00:    - Network:      http://192.168.1.16:3000
2026-08-30 18:04:35 +07:00: 
2026-08-30 18:04:35 +07:00:  ✓ Starting...
2026-08-30 18:04:35 +07:00:    - Local:        http://localhost:3000
2026-08-30 18:04:35 +07:00:    - Network:      http://192.168.1.16:3000
2026-08-30 18:04:35 +07:00: 
2026-08-30 18:04:35 +07:00:  ✓ Starting...
2026-08-30 18:04:35 +07:00:    - Local:        http://localhost:3000
2026-08-30 18:04:35 +07:00:    - Network:      http://192.168.1.16:3000
2026-08-30 18:04:35 +07:00: 
2026-08-30 18:04:35 +07:00:  ✓ Starting...
2026-08-30 18:04:35 +07:00:    ▲ Next.js 15.5.22
2026-08-30 18:04:35 +07:00:    ▲ Next.js 15.5.22
2026-08-30 18:04:35 +07:00:    ▲ Next.js 15.5.22
2026-08-30 18:04:35 +07:00:    ▲ Next.js 15.5.22
2026-08-30 18:04:35 +07:00:    - Local:        http://localhost:3000
2026-08-30 18:04:35 +07:00:    - Network:      http://192.168.1.16:3000
2026-08-30 18:04:35 +07:00: 
2026-08-30 18:04:35 +07:00:  ✓ Starting...
2026-08-30 18:04:35 +07:00:    ▲ Next.js 15.5.22
2026-08-30 18:04:35 +07:00:    - Local:        http://localhost:3000
2026-08-30 18:04:35 +07:00:    - Network:      http://192.168.1.16:3000
2026-08-30 18:04:35 +07:00: 
2026-08-30 18:04:35 +07:00:  ✓ Starting...
2026-08-30 18:04:35 +07:00:    - Local:        http://localhost:3000
2026-08-30 18:04:35 +07:00:    - Network:      http://192.168.1.16:3000
2026-08-30 18:04:35 +07:00: 
2026-08-30 18:04:35 +07:00:  ✓ Starting...
2026-08-30 18:04:35 +07:00:    - Local:        http://localhost:3000
2026-08-30 18:04:35 +07:00:    - Network:      http://192.168.1.16:3000
2026-08-30 18:04:35 +07:00: 
2026-08-30 18:04:35 +07:00:  ✓ Starting...
2026-08-30 18:04:35 +07:00:    - Local:        http://localhost:3000
2026-08-30 18:04:35 +07:00:    - Network:      http://192.168.1.16:3000
2026-08-30 18:04:35 +07:00: 
2026-08-30 18:04:35 +07:00:  ✓ Starting...
2026-08-30 18:04:36 +07:00:    ▲ Next.js 15.5.22
2026-08-30 18:04:36 +07:00:    ▲ Next.js 15.5.22
2026-08-30 18:04:36 +07:00:    ▲ Next.js 15.5.22
2026-08-30 18:04:36 +07:00:    - Local:        http://localhost:3000
2026-08-30 18:04:36 +07:00:    - Network:      http://192.168.1.16:3000
2026-08-30 18:04:36 +07:00: 
2026-08-30 18:04:36 +07:00:  ✓ Starting...
2026-08-30 18:04:36 +07:00:    ▲ Next.js 15.5.22
2026-08-30 18:04:36 +07:00:    - Local:        http://localhost:3000
2026-08-30 18:04:36 +07:00:    - Network:      http://192.168.1.16:3000
2026-08-30 18:04:36 +07:00: 
2026-08-30 18:04:36 +07:00:  ✓ Starting...
2026-08-30 18:04:36 +07:00:    - Local:        http://localhost:3000
2026-08-30 18:04:36 +07:00:    - Network:      http://192.168.1.16:3000
2026-08-30 18:04:36 +07:00: 
2026-08-30 18:04:36 +07:00:  ✓ Starting...
2026-08-30 18:04:36 +07:00:    - Local:        http://localhost:3000
2026-08-30 18:04:36 +07:00:    - Network:      http://192.168.1.16:3000
2026-08-30 18:04:36 +07:00: 
2026-08-30 18:04:36 +07:00:  ✓ Starting...
2026-08-30 18:04:36 +07:00:    ▲ Next.js 15.5.22
2026-08-30 18:04:36 +07:00:    ▲ Next.js 15.5.22
2026-08-30 18:04:36 +07:00:    ▲ Next.js 15.5.22
2026-08-30 18:04:36 +07:00:    - Local:        http://localhost:3000
2026-08-30 18:04:36 +07:00:    - Network:      http://192.168.1.16:3000
2026-08-30 18:04:36 +07:00: 
2026-08-30 18:04:36 +07:00:  ✓ Starting...
2026-08-30 18:04:36 +07:00:    - Local:        http://localhost:3000
2026-08-30 18:04:36 +07:00:    - Network:      http://192.168.1.16:3000
2026-08-30 18:04:36 +07:00: 
2026-08-30 18:04:36 +07:00:  ✓ Starting...
2026-08-30 18:04:36 +07:00:    ▲ Next.js 15.5.22
2026-08-30 18:04:36 +07:00:    ▲ Next.js 15.5.22
2026-08-30 18:04:36 +07:00:    - Local:        http://localhost:3000
2026-08-30 18:04:36 +07:00:    - Network:      http://192.168.1.16:3000
2026-08-30 18:04:36 +07:00: 
2026-08-30 18:04:36 +07:00:  ✓ Starting...
2026-08-30 18:04:36 +07:00:    ▲ Next.js 15.5.22
2026-08-30 18:04:36 +07:00:    ▲ Next.js 15.5.22
2026-08-30 18:04:37 +07:00:    ▲ Next.js 15.5.22
2026-08-30 18:04:36 +07:00:    - Local:        http://localhost:3000
2026-08-30 18:04:36 +07:00:    - Network:      http://192.168.1.16:3000
2026-08-30 18:04:36 +07:00: 
2026-08-30 18:04:36 +07:00:  ✓ Starting...
2026-08-30 18:04:36 +07:00:    - Local:        http://localhost:3000
2026-08-30 18:04:36 +07:00:    - Network:      http://192.168.1.16:3000
2026-08-30 18:04:36 +07:00: 
2026-08-30 18:04:36 +07:00:  ✓ Starting...
2026-08-30 18:04:36 +07:00:    - Local:        http://localhost:3000
2026-08-30 18:04:36 +07:00:    - Network:      http://192.168.1.16:3000
2026-08-30 18:04:36 +07:00: 
2026-08-30 18:04:36 +07:00:  ✓ Starting...
2026-08-30 18:04:36 +07:00:    - Local:        http://localhost:3000
2026-08-30 18:04:36 +07:00:    - Network:      http://192.168.1.16:3000
2026-08-30 18:04:36 +07:00: 
2026-08-30 18:04:36 +07:00:  ✓ Starting...
2026-08-30 18:04:37 +07:00:    - Local:        http://localhost:3000
2026-08-30 18:04:37 +07:00:    - Network:      http://192.168.1.16:3000
2026-08-30 18:04:37 +07:00: 
2026-08-30 18:04:37 +07:00:  ✓ Starting...
2026-08-30 18:04:37 +07:00:    ▲ Next.js 15.5.22
2026-08-30 18:04:37 +07:00:    ▲ Next.js 15.5.22
2026-08-30 18:04:37 +07:00:    - Local:        http://localhost:3000
2026-08-30 18:04:37 +07:00:    - Network:      http://192.168.1.16:3000
2026-08-30 18:04:37 +07:00: 
2026-08-30 18:04:37 +07:00:  ✓ Starting...
2026-08-30 18:04:37 +07:00:    ▲ Next.js 15.5.22
2026-08-30 18:04:37 +07:00:    ▲ Next.js 15.5.22
2026-08-30 18:04:37 +07:00:    - Local:        http://localhost:3000
2026-08-30 18:04:37 +07:00:    - Network:      http://192.168.1.16:3000
2026-08-30 18:04:37 +07:00: 
2026-08-30 18:04:37 +07:00:  ✓ Starting...
2026-08-30 18:04:37 +07:00:    - Local:        http://localhost:3000
2026-08-30 18:04:37 +07:00:    - Network:      http://192.168.1.16:3000
2026-08-30 18:04:37 +07:00: 
2026-08-30 18:04:37 +07:00:  ✓ Starting...
2026-08-30 18:04:37 +07:00:    - Local:        http://localhost:3000
2026-08-30 18:04:37 +07:00:    - Network:      http://192.168.1.16:3000
2026-08-30 18:04:37 +07:00: 
2026-08-30 18:04:37 +07:00:  ✓ Starting...
2026-08-30 18:04:37 +07:00:    ▲ Next.js 15.5.22
2026-08-30 18:04:38 +07:00:    ▲ Next.js 15.5.22
2026-08-30 18:04:38 +07:00:    ▲ Next.js 15.5.22
2026-08-30 18:04:37 +07:00:    - Local:        http://localhost:3000
2026-08-30 18:04:37 +07:00:    - Network:      http://192.168.1.16:3000
2026-08-30 18:04:37 +07:00: 
2026-08-30 18:04:37 +07:00:  ✓ Starting...
2026-08-30 18:04:38 +07:00:    ▲ Next.js 15.5.22
2026-08-30 18:04:38 +07:00:    ▲ Next.js 15.5.22
2026-08-30 18:04:38 +07:00:    - Local:        http://localhost:3000
2026-08-30 18:04:38 +07:00:    - Network:      http://192.168.1.16:3000
2026-08-30 18:04:38 +07:00: 
2026-08-30 18:04:38 +07:00:  ✓ Starting...
2026-08-30 18:04:38 +07:00:    ▲ Next.js 15.5.22
2026-08-30 18:04:38 +07:00:    - Local:        http://localhost:3000
2026-08-30 18:04:38 +07:00:    - Network:      http://192.168.1.16:3000
2026-08-30 18:04:38 +07:00: 
2026-08-30 18:04:38 +07:00:  ✓ Starting...
2026-08-30 18:04:38 +07:00:    - Local:        http://localhost:3000
2026-08-30 18:04:38 +07:00:    - Network:      http://192.168.1.16:3000
2026-08-30 18:04:38 +07:00: 
2026-08-30 18:04:38 +07:00:  ✓ Starting...
2026-08-30 18:04:38 +07:00:    ▲ Next.js 15.5.22
2026-08-30 18:04:38 +07:00:    - Local:        http://localhost:3000
2026-08-30 18:04:38 +07:00:    - Network:      http://192.168.1.16:3000
2026-08-30 18:04:38 +07:00: 
2026-08-30 18:04:38 +07:00:  ✓ Starting...
2026-08-30 18:04:38 +07:00:    - Local:        http://localhost:3000
2026-08-30 18:04:38 +07:00:    - Network:      http://192.168.1.16:3000
2026-08-30 18:04:38 +07:00: 
2026-08-30 18:04:38 +07:00:  ✓ Starting...
2026-08-30 18:04:38 +07:00:    ▲ Next.js 15.5.22
2026-08-30 18:04:38 +07:00:    - Local:        http://localhost:3000
2026-08-30 18:04:38 +07:00:    - Network:      http://192.168.1.16:3000
2026-08-30 18:04:38 +07:00: 
2026-08-30 18:04:38 +07:00:  ✓ Starting...
2026-08-30 18:04:38 +07:00:    - Local:        http://localhost:3000
2026-08-30 18:04:38 +07:00:    - Network:      http://192.168.1.16:3000
2026-08-30 18:04:38 +07:00: 
2026-08-30 18:04:38 +07:00:  ✓ Starting...
2026-08-30 18:04:38 +07:00:    ▲ Next.js 15.5.22
2026-08-30 18:04:38 +07:00:    ▲ Next.js 15.5.22
2026-08-30 18:04:38 +07:00:    - Local:        http://localhost:3000
2026-08-30 18:04:38 +07:00:    - Network:      http://192.168.1.16:3000
2026-08-30 18:04:38 +07:00: 
2026-08-30 18:04:38 +07:00:  ✓ Starting...
2026-08-30 18:04:38 +07:00:    - Local:        http://localhost:3000
2026-08-30 18:04:38 +07:00:    - Network:      http://192.168.1.16:3000
2026-08-30 18:04:38 +07:00: 
2026-08-30 18:04:38 +07:00:  ✓ Starting...
2026-08-30 18:04:38 +07:00:    ▲ Next.js 15.5.22
2026-08-30 18:04:38 +07:00:    ▲ Next.js 15.5.22
2026-08-30 18:04:38 +07:00:    - Local:        http://localhost:3000
2026-08-30 18:04:38 +07:00:    - Network:      http://192.168.1.16:3000
2026-08-30 18:04:38 +07:00: 
2026-08-30 18:04:38 +07:00:  ✓ Starting...
2026-08-30 18:04:38 +07:00:    - Local:        http://localhost:3000
2026-08-30 18:04:38 +07:00:    - Network:      http://192.168.1.16:3000
2026-08-30 18:04:38 +07:00: 
2026-08-30 18:04:38 +07:00:  ✓ Starting...
2026-08-30 18:04:39 +07:00:    ▲ Next.js 15.5.22
2026-08-30 18:04:39 +07:00:    ▲ Next.js 15.5.22
2026-08-30 18:04:39 +07:00:    - Local:        http://localhost:3000
2026-08-30 18:04:39 +07:00:    - Network:      http://192.168.1.16:3000
2026-08-30 18:04:39 +07:00: 
2026-08-30 18:04:39 +07:00:  ✓ Starting...
2026-08-30 18:04:39 +07:00:    ▲ Next.js 15.5.22
2026-08-30 18:04:39 +07:00:    ▲ Next.js 15.5.22
2026-08-30 18:04:39 +07:00:    ▲ Next.js 15.5.22
2026-08-30 18:04:39 +07:00:    - Local:        http://localhost:3000
2026-08-30 18:04:39 +07:00:    - Network:      http://192.168.1.16:3000
2026-08-30 18:04:39 +07:00: 
2026-08-30 18:04:39 +07:00:  ✓ Starting...
2026-08-30 18:04:39 +07:00:    - Local:        http://localhost:3000
2026-08-30 18:04:39 +07:00:    - Network:      http://192.168.1.16:3000
2026-08-30 18:04:39 +07:00: 
2026-08-30 18:04:39 +07:00:  ✓ Starting...
2026-08-30 18:04:39 +07:00:    ▲ Next.js 15.5.22
2026-08-30 18:04:39 +07:00:    ▲ Next.js 15.5.22
2026-08-30 18:04:39 +07:00:    - Local:        http://localhost:3000
2026-08-30 18:04:39 +07:00:    - Network:      http://192.168.1.16:3000
2026-08-30 18:04:39 +07:00: 
2026-08-30 18:04:39 +07:00:  ✓ Starting...
2026-08-30 18:04:39 +07:00:    ▲ Next.js 15.5.22
2026-08-30 18:04:39 +07:00:    - Local:        http://localhost:3000
2026-08-30 18:04:39 +07:00:    - Network:      http://192.168.1.16:3000
2026-08-30 18:04:39 +07:00: 
2026-08-30 18:04:39 +07:00:  ✓ Starting...
2026-08-30 18:04:39 +07:00:    - Local:        http://localhost:3000
2026-08-30 18:04:39 +07:00:    - Network:      http://192.168.1.16:3000
2026-08-30 18:04:39 +07:00: 
2026-08-30 18:04:39 +07:00:  ✓ Starting...
2026-08-30 18:04:39 +07:00:    - Local:        http://localhost:3000
2026-08-30 18:04:39 +07:00:    - Network:      http://192.168.1.16:3000
2026-08-30 18:04:39 +07:00: 
2026-08-30 18:04:39 +07:00:  ✓ Starting...
2026-08-30 18:04:39 +07:00:    - Local:        http://localhost:3000
2026-08-30 18:04:39 +07:00:    - Network:      http://192.168.1.16:3000
2026-08-30 18:04:39 +07:00: 
2026-08-30 18:04:39 +07:00:  ✓ Starting...
2026-08-30 18:04:40 +07:00:    ▲ Next.js 15.5.22
2026-08-30 18:04:40 +07:00:    ▲ Next.js 15.5.22
2026-08-30 18:04:40 +07:00:    - Local:        http://localhost:3000
2026-08-30 18:04:40 +07:00:    - Network:      http://192.168.1.16:3000
2026-08-30 18:04:40 +07:00: 
2026-08-30 18:04:40 +07:00:  ✓ Starting...
2026-08-30 18:04:40 +07:00:    - Local:        http://localhost:3000
2026-08-30 18:04:40 +07:00:    - Network:      http://192.168.1.16:3000
2026-08-30 18:04:40 +07:00: 
2026-08-30 18:04:40 +07:00:  ✓ Starting...
2026-08-30 18:04:40 +07:00:    ▲ Next.js 15.5.22
2026-08-30 18:04:40 +07:00:    ▲ Next.js 15.5.22
2026-08-30 18:04:40 +07:00:    - Local:        http://localhost:3000
2026-08-30 18:04:40 +07:00:    - Network:      http://192.168.1.16:3000
2026-08-30 18:04:40 +07:00: 
2026-08-30 18:04:40 +07:00:  ✓ Starting...
2026-08-30 18:04:40 +07:00:    - Local:        http://localhost:3000
2026-08-30 18:04:40 +07:00:    - Network:      http://192.168.1.16:3000
2026-08-30 18:04:40 +07:00: 
2026-08-30 18:04:40 +07:00:  ✓ Starting...
2026-08-30 18:04:40 +07:00:    ▲ Next.js 15.5.22
2026-08-30 18:04:40 +07:00:    - Local:        http://localhost:3000
2026-08-30 18:04:40 +07:00:    - Network:      http://192.168.1.16:3000
2026-08-30 18:04:40 +07:00: 
2026-08-30 18:04:40 +07:00:  ✓ Starting...
2026-08-30 18:04:40 +07:00:    ▲ Next.js 15.5.22
2026-08-30 18:04:40 +07:00:    ▲ Next.js 15.5.22
2026-08-30 18:04:40 +07:00:    ▲ Next.js 15.5.22
2026-08-30 18:04:40 +07:00:    ▲ Next.js 15.5.22
2026-08-30 18:04:40 +07:00:    - Local:        http://localhost:3000
2026-08-30 18:04:40 +07:00:    - Network:      http://192.168.1.16:3000
2026-08-30 18:04:40 +07:00: 
2026-08-30 18:04:40 +07:00:  ✓ Starting...
2026-08-30 18:04:40 +07:00:    - Local:        http://localhost:3000
2026-08-30 18:04:40 +07:00:    - Network:      http://192.168.1.16:3000
2026-08-30 18:04:40 +07:00: 
2026-08-30 18:04:40 +07:00:  ✓ Starting...
2026-08-30 18:04:40 +07:00:    ▲ Next.js 15.5.22
2026-08-30 18:04:40 +07:00:    - Local:        http://localhost:3000
2026-08-30 18:04:40 +07:00:    - Network:      http://192.168.1.16:3000
2026-08-30 18:04:40 +07:00: 
2026-08-30 18:04:40 +07:00:  ✓ Starting...
2026-08-30 18:04:41 +07:00:    ▲ Next.js 15.5.22
2026-08-30 18:04:40 +07:00:    - Local:        http://localhost:3000
2026-08-30 18:04:40 +07:00:    - Network:      http://192.168.1.16:3000
2026-08-30 18:04:40 +07:00: 
2026-08-30 18:04:40 +07:00:  ✓ Starting...
2026-08-30 18:04:41 +07:00:    ▲ Next.js 15.5.22
2026-08-30 18:04:40 +07:00:    - Local:        http://localhost:3000
2026-08-30 18:04:40 +07:00:    - Network:      http://192.168.1.16:3000
2026-08-30 18:04:40 +07:00: 
2026-08-30 18:04:40 +07:00:  ✓ Starting...
2026-08-30 18:04:41 +07:00:    - Local:        http://localhost:3000
2026-08-30 18:04:41 +07:00:    - Network:      http://192.168.1.16:3000
2026-08-30 18:04:41 +07:00: 
2026-08-30 18:04:41 +07:00:  ✓ Starting...
2026-08-30 18:04:41 +07:00:    - Local:        http://localhost:3000
2026-08-30 18:04:41 +07:00:    - Network:      http://192.168.1.16:3000
2026-08-30 18:04:41 +07:00: 
2026-08-30 18:04:41 +07:00:  ✓ Starting...
2026-08-30 18:04:41 +07:00:    ▲ Next.js 15.5.22
2026-08-30 18:04:41 +07:00:    ▲ Next.js 15.5.22
2026-08-30 18:04:41 +07:00:    - Local:        http://localhost:3000
2026-08-30 18:04:41 +07:00:    - Network:      http://192.168.1.16:3000
2026-08-30 18:04:41 +07:00: 
2026-08-30 18:04:41 +07:00:  ✓ Starting...
2026-08-30 18:04:41 +07:00:    - Local:        http://localhost:3000
2026-08-30 18:04:41 +07:00:    - Network:      http://192.168.1.16:3000
2026-08-30 18:04:41 +07:00: 
2026-08-30 18:04:41 +07:00:  ✓ Starting...
2026-08-30 18:04:41 +07:00:    ▲ Next.js 15.5.22
2026-08-30 18:04:41 +07:00:    ▲ Next.js 15.5.22
2026-08-30 18:04:41 +07:00:    - Local:        http://localhost:3000
2026-08-30 18:04:41 +07:00:    - Network:      http://192.168.1.16:3000
2026-08-30 18:04:41 +07:00: 
2026-08-30 18:04:41 +07:00:  ✓ Starting...
2026-08-30 18:04:41 +07:00:    - Local:        http://localhost:3000
2026-08-30 18:04:41 +07:00:    - Network:      http://192.168.1.16:3000
2026-08-30 18:04:41 +07:00: 
2026-08-30 18:04:41 +07:00:  ✓ Starting...
2026-08-30 18:04:41 +07:00:    ▲ Next.js 15.5.22
2026-08-30 18:04:42 +07:00:    ▲ Next.js 15.5.22
2026-08-30 18:04:42 +07:00:    ▲ Next.js 15.5.22
2026-08-30 18:04:41 +07:00:    - Local:        http://localhost:3000
2026-08-30 18:04:41 +07:00:    - Network:      http://192.168.1.16:3000
2026-08-30 18:04:41 +07:00: 
2026-08-30 18:04:41 +07:00:  ✓ Starting...
2026-08-30 18:04:42 +07:00:    ▲ Next.js 15.5.22
2026-08-30 18:04:42 +07:00:    ▲ Next.js 15.5.22
2026-08-30 18:04:42 +07:00:    - Local:        http://localhost:3000
2026-08-30 18:04:42 +07:00:    - Network:      http://192.168.1.16:3000
2026-08-30 18:04:42 +07:00: 
2026-08-30 18:04:42 +07:00:  ✓ Starting...
2026-08-30 18:04:42 +07:00:    - Local:        http://localhost:3000
2026-08-30 18:04:42 +07:00:    - Network:      http://192.168.1.16:3000
2026-08-30 18:04:42 +07:00: 
2026-08-30 18:04:42 +07:00:  ✓ Starting...
2026-08-30 18:04:42 +07:00:    ▲ Next.js 15.5.22
2026-08-30 18:04:42 +07:00:    ▲ Next.js 15.5.22
2026-08-30 18:04:42 +07:00:    - Local:        http://localhost:3000
2026-08-30 18:04:42 +07:00:    - Network:      http://192.168.1.16:3000
2026-08-30 18:04:42 +07:00: 
2026-08-30 18:04:42 +07:00:  ✓ Starting...
2026-08-30 18:04:42 +07:00:    - Local:        http://localhost:3000
2026-08-30 18:04:42 +07:00:    - Network:      http://192.168.1.16:3000
2026-08-30 18:04:42 +07:00: 
2026-08-30 18:04:42 +07:00:  ✓ Starting...
2026-08-30 18:04:42 +07:00:    - Local:        http://localhost:3000
2026-08-30 18:04:42 +07:00:    - Network:      http://192.168.1.16:3000
2026-08-30 18:04:42 +07:00: 
2026-08-30 18:04:42 +07:00:  ✓ Starting...
2026-08-30 18:04:42 +07:00:    - Local:        http://localhost:3000
2026-08-30 18:04:42 +07:00:    - Network:      http://192.168.1.16:3000
2026-08-30 18:04:42 +07:00: 
2026-08-30 18:04:42 +07:00:  ✓ Starting...
2026-08-30 18:04:42 +07:00:    ▲ Next.js 15.5.22
2026-08-30 18:04:42 +07:00:    - Local:        http://localhost:3000
2026-08-30 18:04:42 +07:00:    - Network:      http://192.168.1.16:3000
2026-08-30 18:04:42 +07:00: 
2026-08-30 18:04:42 +07:00:  ✓ Starting...
2026-08-30 18:04:43 +07:00:    ▲ Next.js 15.5.22
2026-08-30 18:04:43 +07:00:    - Local:        http://localhost:3000
2026-08-30 18:04:43 +07:00:    - Network:      http://192.168.1.16:3000
2026-08-30 18:04:43 +07:00: 
2026-08-30 18:04:43 +07:00:  ✓ Starting...
2026-08-30 18:05:00 +07:00:    ▲ Next.js 15.5.22
2026-08-30 18:05:00 +07:00:    ▲ Next.js 15.5.22
2026-08-30 18:05:00 +07:00:    ▲ Next.js 15.5.22
2026-08-30 18:05:00 +07:00:    - Local:        http://localhost:3000
2026-08-30 18:05:00 +07:00:    - Network:      http://192.168.1.16:3000
2026-08-30 18:05:00 +07:00: 
2026-08-30 18:05:00 +07:00:  ✓ Starting...
2026-08-30 18:05:00 +07:00:    ▲ Next.js 15.5.22
2026-08-30 18:05:00 +07:00:    ▲ Next.js 15.5.22
2026-08-30 18:05:00 +07:00:    ▲ Next.js 15.5.22
2026-08-30 18:05:00 +07:00:    - Local:        http://localhost:3000
2026-08-30 18:05:00 +07:00:    - Network:      http://192.168.1.16:3000
2026-08-30 18:05:00 +07:00: 
2026-08-30 18:05:00 +07:00:  ✓ Starting...
2026-08-30 18:05:00 +07:00:    ▲ Next.js 15.5.22
2026-08-30 18:05:00 +07:00:    - Local:        http://localhost:3000
2026-08-30 18:05:00 +07:00:    - Network:      http://192.168.1.16:3000
2026-08-30 18:05:00 +07:00: 
2026-08-30 18:05:00 +07:00:  ✓ Starting...
2026-08-30 18:05:00 +07:00:    ▲ Next.js 15.5.22
2026-08-30 18:05:01 +07:00:    ▲ Next.js 15.5.22
2026-08-30 18:05:00 +07:00:    - Local:        http://localhost:3000
2026-08-30 18:05:00 +07:00:    - Network:      http://192.168.1.16:3000
2026-08-30 18:05:00 +07:00: 
2026-08-30 18:05:00 +07:00:  ✓ Starting...
2026-08-30 18:05:00 +07:00:    - Local:        http://localhost:3000
2026-08-30 18:05:00 +07:00:    - Network:      http://192.168.1.16:3000
2026-08-30 18:05:00 +07:00: 
2026-08-30 18:05:00 +07:00:  ✓ Starting...
2026-08-30 18:05:01 +07:00:    ▲ Next.js 15.5.22
2026-08-30 18:05:00 +07:00:    - Local:        http://localhost:3000
2026-08-30 18:05:00 +07:00:    - Network:      http://192.168.1.16:3000
2026-08-30 18:05:00 +07:00: 
2026-08-30 18:05:00 +07:00:  ✓ Starting...
2026-08-30 18:05:01 +07:00:    ▲ Next.js 15.5.22
2026-08-30 18:05:01 +07:00:    ▲ Next.js 15.5.22
2026-08-30 18:05:00 +07:00:    - Local:        http://localhost:3000
2026-08-30 18:05:00 +07:00:    - Network:      http://192.168.1.16:3000
2026-08-30 18:05:00 +07:00: 
2026-08-30 18:05:00 +07:00:  ✓ Starting...
2026-08-30 18:05:00 +07:00:    - Local:        http://localhost:3000
2026-08-30 18:05:00 +07:00:    - Network:      http://192.168.1.16:3000
2026-08-30 18:05:00 +07:00: 
2026-08-30 18:05:00 +07:00:  ✓ Starting...
2026-08-30 18:05:01 +07:00:    - Local:        http://localhost:3000
2026-08-30 18:05:01 +07:00:    - Network:      http://192.168.1.16:3000
2026-08-30 18:05:01 +07:00: 
2026-08-30 18:05:01 +07:00:  ✓ Starting...
2026-08-30 18:05:01 +07:00:    - Local:        http://localhost:3000
2026-08-30 18:05:01 +07:00:    - Network:      http://192.168.1.16:3000
2026-08-30 18:05:01 +07:00: 
2026-08-30 18:05:01 +07:00:  ✓ Starting...
2026-08-30 18:05:01 +07:00:    - Local:        http://localhost:3000
2026-08-30 18:05:01 +07:00:    - Network:      http://192.168.1.16:3000
2026-08-30 18:05:01 +07:00: 
2026-08-30 18:05:01 +07:00:  ✓ Starting...
2026-08-30 18:05:01 +07:00:    - Local:        http://localhost:3000
2026-08-30 18:05:01 +07:00:    - Network:      http://192.168.1.16:3000
2026-08-30 18:05:01 +07:00: 
2026-08-30 18:05:01 +07:00:  ✓ Starting...
2026-08-30 18:05:01 +07:00:    ▲ Next.js 15.5.22
2026-08-30 18:05:02 +07:00:    ▲ Next.js 15.5.22
2026-08-30 18:05:02 +07:00:    ▲ Next.js 15.5.22
2026-08-30 18:05:01 +07:00:    - Local:        http://localhost:3000
2026-08-30 18:05:01 +07:00:    - Network:      http://192.168.1.16:3000
2026-08-30 18:05:01 +07:00: 
2026-08-30 18:05:01 +07:00:  ✓ Starting...
2026-08-30 18:05:02 +07:00:    ▲ Next.js 15.5.22
2026-08-30 18:05:02 +07:00:    ▲ Next.js 15.5.22
2026-08-30 18:05:02 +07:00:    ▲ Next.js 15.5.22
2026-08-30 18:05:02 +07:00:    - Local:        http://localhost:3000
2026-08-30 18:05:02 +07:00:    - Network:      http://192.168.1.16:3000
2026-08-30 18:05:02 +07:00: 
2026-08-30 18:05:02 +07:00:  ✓ Starting...
2026-08-30 18:05:02 +07:00:    - Local:        http://localhost:3000
2026-08-30 18:05:02 +07:00:    - Network:      http://192.168.1.16:3000
2026-08-30 18:05:02 +07:00: 
2026-08-30 18:05:02 +07:00:  ✓ Starting...
2026-08-30 18:05:02 +07:00:    ▲ Next.js 15.5.22
2026-08-30 18:05:02 +07:00:    ▲ Next.js 15.5.22
2026-08-30 18:05:02 +07:00:    - Local:        http://localhost:3000
2026-08-30 18:05:02 +07:00:    - Network:      http://192.168.1.16:3000
2026-08-30 18:05:02 +07:00: 
2026-08-30 18:05:02 +07:00:  ✓ Starting...
2026-08-30 18:05:02 +07:00:    - Local:        http://localhost:3000
2026-08-30 18:05:02 +07:00:    - Network:      http://192.168.1.16:3000
2026-08-30 18:05:02 +07:00: 
2026-08-30 18:05:02 +07:00:  ✓ Starting...
2026-08-30 18:05:02 +07:00:    ▲ Next.js 15.5.22
2026-08-30 18:05:02 +07:00:    - Local:        http://localhost:3000
2026-08-30 18:05:02 +07:00:    - Network:      http://192.168.1.16:3000
2026-08-30 18:05:02 +07:00: 
2026-08-30 18:05:02 +07:00:  ✓ Starting...
2026-08-30 18:05:02 +07:00:    ▲ Next.js 15.5.22
2026-08-30 18:05:02 +07:00:    - Local:        http://localhost:3000
2026-08-30 18:05:02 +07:00:    - Network:      http://192.168.1.16:3000
2026-08-30 18:05:02 +07:00: 
2026-08-30 18:05:02 +07:00:  ✓ Starting...
2026-08-30 18:05:02 +07:00:    - Local:        http://localhost:3000
2026-08-30 18:05:02 +07:00:    - Network:      http://192.168.1.16:3000
2026-08-30 18:05:02 +07:00: 
2026-08-30 18:05:02 +07:00:  ✓ Starting...
2026-08-30 18:05:02 +07:00:    ▲ Next.js 15.5.22
2026-08-30 18:05:02 +07:00:    - Local:        http://localhost:3000
2026-08-30 18:05:02 +07:00:    - Network:      http://192.168.1.16:3000
2026-08-30 18:05:02 +07:00: 
2026-08-30 18:05:02 +07:00:  ✓ Starting...
2026-08-30 18:05:02 +07:00:    - Local:        http://localhost:3000
2026-08-30 18:05:02 +07:00:    - Network:      http://192.168.1.16:3000
2026-08-30 18:05:02 +07:00: 
2026-08-30 18:05:02 +07:00:  ✓ Starting...
2026-08-30 18:05:02 +07:00:    - Local:        http://localhost:3000
2026-08-30 18:05:02 +07:00:    - Network:      http://192.168.1.16:3000
2026-08-30 18:05:02 +07:00: 
2026-08-30 18:05:02 +07:00:  ✓ Starting...
2026-08-30 18:05:02 +07:00:    ▲ Next.js 15.5.22
2026-08-30 18:05:02 +07:00:    - Local:        http://localhost:3000
2026-08-30 18:05:02 +07:00:    - Network:      http://192.168.1.16:3000
2026-08-30 18:05:02 +07:00: 
2026-08-30 18:05:02 +07:00:  ✓ Starting...
2026-08-30 18:05:03 +07:00:    ▲ Next.js 15.5.22
2026-08-30 18:05:03 +07:00:    ▲ Next.js 15.5.22
2026-08-30 18:05:03 +07:00:    - Local:        http://localhost:3000
2026-08-30 18:05:03 +07:00:    - Network:      http://192.168.1.16:3000
2026-08-30 18:05:03 +07:00: 
2026-08-30 18:05:03 +07:00:  ✓ Starting...
2026-08-30 18:05:03 +07:00:    ▲ Next.js 15.5.22
2026-08-30 18:05:03 +07:00:    ▲ Next.js 15.5.22
2026-08-30 18:05:03 +07:00:    ▲ Next.js 15.5.22
2026-08-30 18:05:03 +07:00:    - Local:        http://localhost:3000
2026-08-30 18:05:03 +07:00:    - Network:      http://192.168.1.16:3000
2026-08-30 18:05:03 +07:00: 
2026-08-30 18:05:03 +07:00:  ✓ Starting...
2026-08-30 18:05:03 +07:00:    ▲ Next.js 15.5.22
2026-08-30 18:05:03 +07:00:    ▲ Next.js 15.5.22
2026-08-30 18:05:03 +07:00:    ▲ Next.js 15.5.22
2026-08-30 18:05:03 +07:00:    - Local:        http://localhost:3000
2026-08-30 18:05:03 +07:00:    - Network:      http://192.168.1.16:3000
2026-08-30 18:05:03 +07:00: 
2026-08-30 18:05:03 +07:00:  ✓ Starting...
2026-08-30 18:05:03 +07:00:    - Local:        http://localhost:3000
2026-08-30 18:05:03 +07:00:    - Network:      http://192.168.1.16:3000
2026-08-30 18:05:03 +07:00: 
2026-08-30 18:05:03 +07:00:  ✓ Starting...
2026-08-30 18:05:03 +07:00:    - Local:        http://localhost:3000
2026-08-30 18:05:03 +07:00:    - Network:      http://192.168.1.16:3000
2026-08-30 18:05:03 +07:00: 
2026-08-30 18:05:03 +07:00:  ✓ Starting...
2026-08-30 18:05:03 +07:00:    - Local:        http://localhost:3000
2026-08-30 18:05:03 +07:00:    - Network:      http://192.168.1.16:3000
2026-08-30 18:05:03 +07:00: 
2026-08-30 18:05:03 +07:00:  ✓ Starting...
2026-08-30 18:05:03 +07:00:    - Local:        http://localhost:3000
2026-08-30 18:05:03 +07:00:    - Network:      http://192.168.1.16:3000
2026-08-30 18:05:03 +07:00: 
2026-08-30 18:05:03 +07:00:  ✓ Starting...
2026-08-30 18:05:03 +07:00:    ▲ Next.js 15.5.22
2026-08-30 18:05:03 +07:00:    ▲ Next.js 15.5.22
2026-08-30 18:05:03 +07:00:    - Local:        http://localhost:3000
2026-08-30 18:05:03 +07:00:    - Network:      http://192.168.1.16:3000
2026-08-30 18:05:03 +07:00: 
2026-08-30 18:05:03 +07:00:  ✓ Starting...
2026-08-30 18:05:03 +07:00:    ▲ Next.js 15.5.22
2026-08-30 18:05:03 +07:00:    - Local:        http://localhost:3000
2026-08-30 18:05:03 +07:00:    - Network:      http://192.168.1.16:3000
2026-08-30 18:05:03 +07:00: 
2026-08-30 18:05:03 +07:00:  ✓ Starting...
2026-08-30 18:05:03 +07:00:    - Local:        http://localhost:3000
2026-08-30 18:05:03 +07:00:    - Network:      http://192.168.1.16:3000
2026-08-30 18:05:03 +07:00: 
2026-08-30 18:05:03 +07:00:  ✓ Starting...
2026-08-30 18:05:03 +07:00:    - Local:        http://localhost:3000
2026-08-30 18:05:03 +07:00:    - Network:      http://192.168.1.16:3000
2026-08-30 18:05:03 +07:00: 
2026-08-30 18:05:03 +07:00:  ✓ Starting...
2026-08-30 18:05:03 +07:00:    ▲ Next.js 15.5.22
2026-08-30 18:05:03 +07:00:    - Local:        http://localhost:3000
2026-08-30 18:05:03 +07:00:    - Network:      http://192.168.1.16:3000
2026-08-30 18:05:03 +07:00: 
2026-08-30 18:05:03 +07:00:  ✓ Starting...
2026-08-30 18:05:04 +07:00:    ▲ Next.js 15.5.22
2026-08-30 18:05:04 +07:00:    ▲ Next.js 15.5.22
2026-08-30 18:05:04 +07:00:    - Local:        http://localhost:3000
2026-08-30 18:05:04 +07:00:    - Network:      http://192.168.1.16:3000
2026-08-30 18:05:04 +07:00: 
2026-08-30 18:05:04 +07:00:  ✓ Starting...
2026-08-30 18:05:04 +07:00:    ▲ Next.js 15.5.22
2026-08-30 18:05:04 +07:00:    ▲ Next.js 15.5.22
2026-08-30 18:05:04 +07:00:    ▲ Next.js 15.5.22
2026-08-30 18:05:04 +07:00:    - Local:        http://localhost:3000
2026-08-30 18:05:04 +07:00:    - Network:      http://192.168.1.16:3000
2026-08-30 18:05:04 +07:00: 
2026-08-30 18:05:04 +07:00:  ✓ Starting...
2026-08-30 18:05:04 +07:00:    ▲ Next.js 15.5.22
2026-08-30 18:05:04 +07:00:    - Local:        http://localhost:3000
2026-08-30 18:05:04 +07:00:    - Network:      http://192.168.1.16:3000
2026-08-30 18:05:04 +07:00: 
2026-08-30 18:05:04 +07:00:  ✓ Starting...
2026-08-30 18:05:04 +07:00:    - Local:        http://localhost:3000
2026-08-30 18:05:04 +07:00:    - Network:      http://192.168.1.16:3000
2026-08-30 18:05:04 +07:00: 
2026-08-30 18:05:04 +07:00:  ✓ Starting...
2026-08-30 18:05:04 +07:00:    ▲ Next.js 15.5.22
2026-08-30 18:05:04 +07:00:    ▲ Next.js 15.5.22
2026-08-30 18:05:04 +07:00:    - Local:        http://localhost:3000
2026-08-30 18:05:04 +07:00:    - Network:      http://192.168.1.16:3000
2026-08-30 18:05:04 +07:00: 
2026-08-30 18:05:04 +07:00:  ✓ Starting...
2026-08-30 18:05:04 +07:00:    ▲ Next.js 15.5.22
2026-08-30 18:05:04 +07:00:    ▲ Next.js 15.5.22
2026-08-30 18:05:04 +07:00:    - Local:        http://localhost:3000
2026-08-30 18:05:04 +07:00:    - Network:      http://192.168.1.16:3000
2026-08-30 18:05:04 +07:00: 
2026-08-30 18:05:04 +07:00:  ✓ Starting...
2026-08-30 18:05:04 +07:00:    - Local:        http://localhost:3000
2026-08-30 18:05:04 +07:00:    - Network:      http://192.168.1.16:3000
2026-08-30 18:05:04 +07:00: 
2026-08-30 18:05:04 +07:00:  ✓ Starting...
2026-08-30 18:05:04 +07:00:    - Local:        http://localhost:3000
2026-08-30 18:05:04 +07:00:    - Network:      http://192.168.1.16:3000
2026-08-30 18:05:04 +07:00: 
2026-08-30 18:05:04 +07:00:  ✓ Starting...
2026-08-30 18:05:05 +07:00:    ▲ Next.js 15.5.22
2026-08-30 18:05:04 +07:00:    - Local:        http://localhost:3000
2026-08-30 18:05:04 +07:00:    - Network:      http://192.168.1.16:3000
2026-08-30 18:05:04 +07:00: 
2026-08-30 18:05:04 +07:00:  ✓ Starting...
2026-08-30 18:05:04 +07:00:    - Local:        http://localhost:3000
2026-08-30 18:05:04 +07:00:    - Network:      http://192.168.1.16:3000
2026-08-30 18:05:04 +07:00: 
2026-08-30 18:05:04 +07:00:  ✓ Starting...
2026-08-30 18:05:05 +07:00:    - Local:        http://localhost:3000
2026-08-30 18:05:05 +07:00:    - Network:      http://192.168.1.16:3000
2026-08-30 18:05:05 +07:00: 
2026-08-30 18:05:05 +07:00:  ✓ Starting...
2026-08-30 18:05:05 +07:00:    ▲ Next.js 15.5.22
2026-08-30 18:05:05 +07:00:    - Local:        http://localhost:3000
2026-08-30 18:05:05 +07:00:    - Network:      http://192.168.1.16:3000
2026-08-30 18:05:05 +07:00: 
2026-08-30 18:05:05 +07:00:  ✓ Starting...
2026-08-30 18:05:05 +07:00:    ▲ Next.js 15.5.22
2026-08-30 18:05:05 +07:00:    - Local:        http://localhost:3000
2026-08-30 18:05:05 +07:00:    - Network:      http://192.168.1.16:3000
2026-08-30 18:05:05 +07:00: 
2026-08-30 18:05:05 +07:00:  ✓ Starting...
2026-08-30 18:05:06 +07:00:    ▲ Next.js 15.5.22
2026-08-30 18:05:06 +07:00:    ▲ Next.js 15.5.22
2026-08-30 18:05:06 +07:00:    ▲ Next.js 15.5.22
2026-08-30 18:05:06 +07:00:    ▲ Next.js 15.5.22
2026-08-30 18:05:06 +07:00:    ▲ Next.js 15.5.22
2026-08-30 18:05:06 +07:00:    - Local:        http://localhost:3000
2026-08-30 18:05:06 +07:00:    - Network:      http://192.168.1.16:3000
2026-08-30 18:05:06 +07:00: 
2026-08-30 18:05:06 +07:00:  ✓ Starting...
2026-08-30 18:05:06 +07:00:    - Local:        http://localhost:3000
2026-08-30 18:05:06 +07:00:    - Network:      http://192.168.1.16:3000
2026-08-30 18:05:06 +07:00: 
2026-08-30 18:05:06 +07:00:  ✓ Starting...
2026-08-30 18:05:06 +07:00:    - Local:        http://localhost:3000
2026-08-30 18:05:06 +07:00:    - Network:      http://192.168.1.16:3000
2026-08-30 18:05:06 +07:00: 
2026-08-30 18:05:06 +07:00:  ✓ Starting...
2026-08-30 18:05:06 +07:00:    ▲ Next.js 15.5.22
2026-08-30 18:05:06 +07:00:    ▲ Next.js 15.5.22
2026-08-30 18:05:06 +07:00:    - Local:        http://localhost:3000
2026-08-30 18:05:06 +07:00:    - Network:      http://192.168.1.16:3000
2026-08-30 18:05:06 +07:00: 
2026-08-30 18:05:06 +07:00:  ✓ Starting...
2026-08-30 18:05:06 +07:00:    ▲ Next.js 15.5.22
2026-08-30 18:05:06 +07:00:    - Local:        http://localhost:3000
2026-08-30 18:05:06 +07:00:    - Network:      http://192.168.1.16:3000
2026-08-30 18:05:06 +07:00: 
2026-08-30 18:05:06 +07:00:  ✓ Starting...
2026-08-30 18:05:06 +07:00:    ▲ Next.js 15.5.22
2026-08-30 18:05:06 +07:00:    - Local:        http://localhost:3000
2026-08-30 18:05:06 +07:00:    - Network:      http://192.168.1.16:3000
2026-08-30 18:05:06 +07:00: 
2026-08-30 18:05:06 +07:00:  ✓ Starting...
2026-08-30 18:05:06 +07:00:    - Local:        http://localhost:3000
2026-08-30 18:05:06 +07:00:    - Network:      http://192.168.1.16:3000
2026-08-30 18:05:06 +07:00: 
2026-08-30 18:05:06 +07:00:  ✓ Starting...
2026-08-30 18:05:06 +07:00:    - Local:        http://localhost:3000
2026-08-30 18:05:06 +07:00:    - Network:      http://192.168.1.16:3000
2026-08-30 18:05:06 +07:00: 
2026-08-30 18:05:06 +07:00:  ✓ Starting...
2026-08-30 18:05:06 +07:00:    ▲ Next.js 15.5.22
2026-08-30 18:05:06 +07:00:    - Local:        http://localhost:3000
2026-08-30 18:05:06 +07:00:    - Network:      http://192.168.1.16:3000
2026-08-30 18:05:06 +07:00: 
2026-08-30 18:05:06 +07:00:  ✓ Starting...
2026-08-30 18:05:06 +07:00:    - Local:        http://localhost:3000
2026-08-30 18:05:06 +07:00:    - Network:      http://192.168.1.16:3000
2026-08-30 18:05:06 +07:00: 
2026-08-30 18:05:06 +07:00:  ✓ Starting...
2026-08-30 18:05:06 +07:00:    ▲ Next.js 15.5.22
2026-08-30 18:05:06 +07:00:    - Local:        http://localhost:3000
2026-08-30 18:05:06 +07:00:    - Network:      http://192.168.1.16:3000
2026-08-30 18:05:06 +07:00: 
2026-08-30 18:05:06 +07:00:  ✓ Starting...
2026-08-30 18:05:07 +07:00:    ▲ Next.js 15.5.22
2026-08-30 18:05:07 +07:00:    ▲ Next.js 15.5.22
2026-08-30 18:05:07 +07:00:    - Local:        http://localhost:3000
2026-08-30 18:05:07 +07:00:    - Network:      http://192.168.1.16:3000
2026-08-30 18:05:07 +07:00: 
2026-08-30 18:05:07 +07:00:  ✓ Starting...
2026-08-30 18:05:07 +07:00:    ▲ Next.js 15.5.22
2026-08-30 18:05:07 +07:00:    ▲ Next.js 15.5.22
2026-08-30 18:05:07 +07:00:    ▲ Next.js 15.5.22
2026-08-30 18:05:07 +07:00:    - Local:        http://localhost:3000
2026-08-30 18:05:07 +07:00:    - Network:      http://192.168.1.16:3000
2026-08-30 18:05:07 +07:00: 
2026-08-30 18:05:07 +07:00:  ✓ Starting...
2026-08-30 18:05:07 +07:00:    ▲ Next.js 15.5.22
2026-08-30 18:05:07 +07:00:    ▲ Next.js 15.5.22
2026-08-30 18:05:07 +07:00:    - Local:        http://localhost:3000
2026-08-30 18:05:07 +07:00:    - Network:      http://192.168.1.16:3000
2026-08-30 18:05:07 +07:00: 
2026-08-30 18:05:07 +07:00:  ✓ Starting...
2026-08-30 18:05:07 +07:00:    - Local:        http://localhost:3000
2026-08-30 18:05:07 +07:00:    - Network:      http://192.168.1.16:3000
2026-08-30 18:05:07 +07:00: 
2026-08-30 18:05:07 +07:00:  ✓ Starting...
2026-08-30 18:05:07 +07:00:    ▲ Next.js 15.5.22
2026-08-30 18:05:07 +07:00:    ▲ Next.js 15.5.22
2026-08-30 18:05:07 +07:00:    - Local:        http://localhost:3000
2026-08-30 18:05:07 +07:00:    - Network:      http://192.168.1.16:3000
2026-08-30 18:05:07 +07:00: 
2026-08-30 18:05:07 +07:00:  ✓ Starting...
2026-08-30 18:05:07 +07:00:    - Local:        http://localhost:3000
2026-08-30 18:05:07 +07:00:    - Network:      http://192.168.1.16:3000
2026-08-30 18:05:07 +07:00: 
2026-08-30 18:05:07 +07:00:  ✓ Starting...
2026-08-30 18:05:07 +07:00:    - Local:        http://localhost:3000
2026-08-30 18:05:07 +07:00:    - Network:      http://192.168.1.16:3000
2026-08-30 18:05:07 +07:00: 
2026-08-30 18:05:07 +07:00:  ✓ Starting...
2026-08-30 18:05:07 +07:00:    ▲ Next.js 15.5.22
2026-08-30 18:05:07 +07:00:    - Local:        http://localhost:3000
2026-08-30 18:05:07 +07:00:    - Network:      http://192.168.1.16:3000
2026-08-30 18:05:07 +07:00: 
2026-08-30 18:05:07 +07:00:  ✓ Starting...
2026-08-30 18:05:07 +07:00:    - Local:        http://localhost:3000
2026-08-30 18:05:07 +07:00:    - Network:      http://192.168.1.16:3000
2026-08-30 18:05:07 +07:00: 
2026-08-30 18:05:07 +07:00:  ✓ Starting...
2026-08-30 18:05:07 +07:00:    ▲ Next.js 15.5.22
2026-08-30 18:05:07 +07:00:    - Local:        http://localhost:3000
2026-08-30 18:05:07 +07:00:    - Network:      http://192.168.1.16:3000
2026-08-30 18:05:07 +07:00: 
2026-08-30 18:05:07 +07:00:  ✓ Starting...
2026-08-30 18:05:07 +07:00:    - Local:        http://localhost:3000
2026-08-30 18:05:07 +07:00:    - Network:      http://192.168.1.16:3000
2026-08-30 18:05:07 +07:00: 
2026-08-30 18:05:07 +07:00:  ✓ Starting...
2026-08-30 18:05:08 +07:00:    ▲ Next.js 15.5.22
2026-08-30 18:05:08 +07:00:    - Local:        http://localhost:3000
2026-08-30 18:05:08 +07:00:    - Network:      http://192.168.1.16:3000
2026-08-30 18:05:08 +07:00: 
2026-08-30 18:05:08 +07:00:  ✓ Starting...
2026-08-30 18:05:08 +07:00:    ▲ Next.js 15.5.22
2026-08-30 18:05:08 +07:00:    ▲ Next.js 15.5.22
2026-08-30 18:05:08 +07:00:    - Local:        http://localhost:3000
2026-08-30 18:05:08 +07:00:    - Network:      http://192.168.1.16:3000
2026-08-30 18:05:08 +07:00: 
2026-08-30 18:05:08 +07:00:  ✓ Starting...
2026-08-30 18:05:08 +07:00:    - Local:        http://localhost:3000
2026-08-30 18:05:08 +07:00:    - Network:      http://192.168.1.16:3000
2026-08-30 18:05:08 +07:00: 
2026-08-30 18:05:08 +07:00:  ✓ Starting...
2026-08-30 18:05:08 +07:00:    ▲ Next.js 15.5.22
2026-08-30 18:05:08 +07:00:    ▲ Next.js 15.5.22
2026-08-30 18:05:08 +07:00:    ▲ Next.js 15.5.22
2026-08-30 18:05:08 +07:00:    ▲ Next.js 15.5.22
2026-08-30 18:05:08 +07:00:    ▲ Next.js 15.5.22
2026-08-30 18:05:09 +07:00:    ▲ Next.js 15.5.22
2026-08-30 18:05:08 +07:00:    - Local:        http://localhost:3000
2026-08-30 18:05:08 +07:00:    - Network:      http://192.168.1.16:3000
2026-08-30 18:05:08 +07:00: 
2026-08-30 18:05:08 +07:00:  ✓ Starting...
2026-08-30 18:05:08 +07:00:    - Local:        http://localhost:3000
2026-08-30 18:05:08 +07:00:    - Network:      http://192.168.1.16:3000
2026-08-30 18:05:08 +07:00: 
2026-08-30 18:05:08 +07:00:  ✓ Starting...
2026-08-30 18:05:08 +07:00:    - Local:        http://localhost:3000
2026-08-30 18:05:08 +07:00:    - Network:      http://192.168.1.16:3000
2026-08-30 18:05:08 +07:00: 
2026-08-30 18:05:08 +07:00:  ✓ Starting...
2026-08-30 18:05:09 +07:00:    ▲ Next.js 15.5.22
2026-08-30 18:05:09 +07:00:    ▲ Next.js 15.5.22
2026-08-30 18:05:08 +07:00:    - Local:        http://localhost:3000
2026-08-30 18:05:08 +07:00:    - Network:      http://192.168.1.16:3000
2026-08-30 18:05:08 +07:00: 
2026-08-30 18:05:08 +07:00:  ✓ Starting...
2026-08-30 18:05:09 +07:00:    - Local:        http://localhost:3000
2026-08-30 18:05:09 +07:00:    - Network:      http://192.168.1.16:3000
2026-08-30 18:05:09 +07:00: 
2026-08-30 18:05:09 +07:00:  ✓ Starting...
2026-08-30 18:05:08 +07:00:    - Local:        http://localhost:3000
2026-08-30 18:05:08 +07:00:    - Network:      http://192.168.1.16:3000
2026-08-30 18:05:08 +07:00: 
2026-08-30 18:05:08 +07:00:  ✓ Starting...
2026-08-30 18:05:09 +07:00:    - Local:        http://localhost:3000
2026-08-30 18:05:09 +07:00:    - Network:      http://192.168.1.16:3000
2026-08-30 18:05:09 +07:00: 
2026-08-30 18:05:09 +07:00:  ✓ Starting...
2026-08-30 18:05:09 +07:00:    - Local:        http://localhost:3000
2026-08-30 18:05:09 +07:00:    - Network:      http://192.168.1.16:3000
2026-08-30 18:05:09 +07:00: 
2026-08-30 18:05:09 +07:00:  ✓ Starting...
2026-08-30 18:05:09 +07:00:    ▲ Next.js 15.5.22
2026-08-30 18:05:09 +07:00:    ▲ Next.js 15.5.22
2026-08-30 18:05:09 +07:00:    - Local:        http://localhost:3000
2026-08-30 18:05:09 +07:00:    - Network:      http://192.168.1.16:3000
2026-08-30 18:05:09 +07:00: 
2026-08-30 18:05:09 +07:00:  ✓ Starting...
2026-08-30 18:05:09 +07:00:    - Local:        http://localhost:3000
2026-08-30 18:05:09 +07:00:    - Network:      http://192.168.1.16:3000
2026-08-30 18:05:09 +07:00: 
2026-08-30 18:05:09 +07:00:  ✓ Starting...
2026-08-30 18:05:09 +07:00:    ▲ Next.js 15.5.22
2026-08-30 18:05:09 +07:00:    ▲ Next.js 15.5.22
2026-08-30 18:05:09 +07:00:    - Local:        http://localhost:3000
2026-08-30 18:05:09 +07:00:    - Network:      http://192.168.1.16:3000
2026-08-30 18:05:09 +07:00: 
2026-08-30 18:05:09 +07:00:  ✓ Starting...
2026-08-30 18:05:09 +07:00:    - Local:        http://localhost:3000
2026-08-30 18:05:09 +07:00:    - Network:      http://192.168.1.16:3000
2026-08-30 18:05:09 +07:00: 
2026-08-30 18:05:09 +07:00:  ✓ Starting...
2026-08-30 18:05:10 +07:00:    ▲ Next.js 15.5.22
2026-08-30 18:05:10 +07:00:    ▲ Next.js 15.5.22
2026-08-30 18:05:10 +07:00:    ▲ Next.js 15.5.22
2026-08-30 18:05:10 +07:00:    - Local:        http://localhost:3000
2026-08-30 18:05:10 +07:00:    - Network:      http://192.168.1.16:3000
2026-08-30 18:05:10 +07:00: 
2026-08-30 18:05:10 +07:00:  ✓ Starting...
2026-08-30 18:05:10 +07:00:    ▲ Next.js 15.5.22
2026-08-30 18:05:10 +07:00:    ▲ Next.js 15.5.22
2026-08-30 18:05:10 +07:00:    - Local:        http://localhost:3000
2026-08-30 18:05:10 +07:00:    - Network:      http://192.168.1.16:3000
2026-08-30 18:05:10 +07:00: 
2026-08-30 18:05:10 +07:00:  ✓ Starting...
2026-08-30 18:05:10 +07:00:    ▲ Next.js 15.5.22
2026-08-30 18:05:10 +07:00:    ▲ Next.js 15.5.22
2026-08-30 18:05:10 +07:00:    - Local:        http://localhost:3000
2026-08-30 18:05:10 +07:00:    - Network:      http://192.168.1.16:3000
2026-08-30 18:05:10 +07:00: 
2026-08-30 18:05:10 +07:00:  ✓ Starting...
2026-08-30 18:05:10 +07:00:    ▲ Next.js 15.5.22
2026-08-30 18:05:10 +07:00:    - Local:        http://localhost:3000
2026-08-30 18:05:10 +07:00:    - Network:      http://192.168.1.16:3000
2026-08-30 18:05:10 +07:00: 
2026-08-30 18:05:10 +07:00:  ✓ Starting...
2026-08-30 18:05:10 +07:00:    - Local:        http://localhost:3000
2026-08-30 18:05:10 +07:00:    - Network:      http://192.168.1.16:3000
2026-08-30 18:05:10 +07:00: 
2026-08-30 18:05:10 +07:00:  ✓ Starting...
2026-08-30 18:05:10 +07:00:    - Local:        http://localhost:3000
2026-08-30 18:05:10 +07:00:    - Network:      http://192.168.1.16:3000
2026-08-30 18:05:10 +07:00: 
2026-08-30 18:05:10 +07:00:  ✓ Starting...
2026-08-30 18:05:10 +07:00:    - Local:        http://localhost:3000
2026-08-30 18:05:10 +07:00:    - Network:      http://192.168.1.16:3000
2026-08-30 18:05:10 +07:00: 
2026-08-30 18:05:10 +07:00:  ✓ Starting...
2026-08-30 18:05:10 +07:00:    - Local:        http://localhost:3000
2026-08-30 18:05:10 +07:00:    - Network:      http://192.168.1.16:3000
2026-08-30 18:05:10 +07:00: 
2026-08-30 18:05:10 +07:00:  ✓ Starting...
2026-08-30 18:05:10 +07:00:    ▲ Next.js 15.5.22
2026-08-30 18:05:10 +07:00:    ▲ Next.js 15.5.22
2026-08-30 18:05:10 +07:00:    - Local:        http://localhost:3000
2026-08-30 18:05:10 +07:00:    - Network:      http://192.168.1.16:3000
2026-08-30 18:05:10 +07:00: 
2026-08-30 18:05:10 +07:00:  ✓ Starting...
2026-08-30 18:05:10 +07:00:    - Local:        http://localhost:3000
2026-08-30 18:05:10 +07:00:    - Network:      http://192.168.1.16:3000
2026-08-30 18:05:10 +07:00: 
2026-08-30 18:05:10 +07:00:  ✓ Starting...
2026-08-30 18:05:11 +07:00:    ▲ Next.js 15.5.22
2026-08-30 18:05:11 +07:00:    ▲ Next.js 15.5.22
2026-08-30 18:05:11 +07:00:    - Local:        http://localhost:3000
2026-08-30 18:05:11 +07:00:    - Network:      http://192.168.1.16:3000
2026-08-30 18:05:11 +07:00: 
2026-08-30 18:05:11 +07:00:  ✓ Starting...
2026-08-30 18:05:11 +07:00:    - Local:        http://localhost:3000
2026-08-30 18:05:11 +07:00:    - Network:      http://192.168.1.16:3000
2026-08-30 18:05:11 +07:00: 
2026-08-30 18:05:11 +07:00:  ✓ Starting...
2026-08-30 18:05:11 +07:00:    ▲ Next.js 15.5.22
2026-08-30 18:05:11 +07:00:    ▲ Next.js 15.5.22
2026-08-30 18:05:11 +07:00:    ▲ Next.js 15.5.22
2026-08-30 18:05:11 +07:00:    ▲ Next.js 15.5.22
2026-08-30 18:05:11 +07:00:    - Local:        http://localhost:3000
2026-08-30 18:05:11 +07:00:    - Network:      http://192.168.1.16:3000
2026-08-30 18:05:11 +07:00: 
2026-08-30 18:05:11 +07:00:  ✓ Starting...
2026-08-30 18:05:11 +07:00:    ▲ Next.js 15.5.22
2026-08-30 18:05:11 +07:00:    - Local:        http://localhost:3000
2026-08-30 18:05:11 +07:00:    - Network:      http://192.168.1.16:3000
2026-08-30 18:05:11 +07:00: 
2026-08-30 18:05:11 +07:00:  ✓ Starting...
2026-08-30 18:05:11 +07:00:    ▲ Next.js 15.5.22
2026-08-30 18:05:11 +07:00:    ▲ Next.js 15.5.22
2026-08-30 18:05:11 +07:00:    ▲ Next.js 15.5.22
2026-08-30 18:05:11 +07:00:    - Local:        http://localhost:3000
2026-08-30 18:05:11 +07:00:    - Network:      http://192.168.1.16:3000
2026-08-30 18:05:11 +07:00: 
2026-08-30 18:05:11 +07:00:  ✓ Starting...
2026-08-30 18:05:11 +07:00:    - Local:        http://localhost:3000
2026-08-30 18:05:11 +07:00:    - Network:      http://192.168.1.16:3000
2026-08-30 18:05:11 +07:00: 
2026-08-30 18:05:11 +07:00:  ✓ Starting...
2026-08-30 18:05:11 +07:00:    - Local:        http://localhost:3000
2026-08-30 18:05:11 +07:00:    - Network:      http://192.168.1.16:3000
2026-08-30 18:05:11 +07:00: 
2026-08-30 18:05:11 +07:00:  ✓ Starting...
2026-08-30 18:05:11 +07:00:    - Local:        http://localhost:3000
2026-08-30 18:05:11 +07:00:    - Network:      http://192.168.1.16:3000
2026-08-30 18:05:11 +07:00: 
2026-08-30 18:05:11 +07:00:  ✓ Starting...
2026-08-30 18:05:11 +07:00:    - Local:        http://localhost:3000
2026-08-30 18:05:11 +07:00:    - Network:      http://192.168.1.16:3000
2026-08-30 18:05:11 +07:00: 
2026-08-30 18:05:11 +07:00:  ✓ Starting...
2026-08-30 18:05:11 +07:00:    - Local:        http://localhost:3000
2026-08-30 18:05:11 +07:00:    - Network:      http://192.168.1.16:3000
2026-08-30 18:05:11 +07:00: 
2026-08-30 18:05:11 +07:00:  ✓ Starting...
2026-08-30 18:05:12 +07:00:    ▲ Next.js 15.5.22
2026-08-30 18:05:12 +07:00:    - Local:        http://localhost:3000
2026-08-30 18:05:12 +07:00:    - Network:      http://192.168.1.16:3000
2026-08-30 18:05:12 +07:00: 
2026-08-30 18:05:12 +07:00:  ✓ Starting...
2026-08-30 18:05:12 +07:00:    ▲ Next.js 15.5.22
2026-08-30 18:05:12 +07:00:    - Local:        http://localhost:3000
2026-08-30 18:05:12 +07:00:    - Network:      http://192.168.1.16:3000
2026-08-30 18:05:12 +07:00: 
2026-08-30 18:05:12 +07:00:  ✓ Starting...
2026-08-30 18:05:12 +07:00:    ▲ Next.js 15.5.22
2026-08-30 18:05:12 +07:00:    ▲ Next.js 15.5.22
2026-08-30 18:05:12 +07:00:    - Local:        http://localhost:3000
2026-08-30 18:05:12 +07:00:    - Network:      http://192.168.1.16:3000
2026-08-30 18:05:12 +07:00: 
2026-08-30 18:05:12 +07:00:  ✓ Starting...
2026-08-30 18:05:12 +07:00:    - Local:        http://localhost:3000
2026-08-30 18:05:12 +07:00:    - Network:      http://192.168.1.16:3000
2026-08-30 18:05:12 +07:00: 
2026-08-30 18:05:12 +07:00:  ✓ Starting...
2026-08-30 18:05:13 +07:00:    ▲ Next.js 15.5.22
2026-08-30 18:05:13 +07:00:    ▲ Next.js 15.5.22
2026-08-30 18:05:13 +07:00:    ▲ Next.js 15.5.22
2026-08-30 18:05:13 +07:00:    ▲ Next.js 15.5.22
2026-08-30 18:05:13 +07:00:    - Local:        http://localhost:3000
2026-08-30 18:05:13 +07:00:    - Network:      http://192.168.1.16:3000
2026-08-30 18:05:13 +07:00: 
2026-08-30 18:05:13 +07:00:  ✓ Starting...
2026-08-30 18:05:13 +07:00:    ▲ Next.js 15.5.22
2026-08-30 18:05:13 +07:00:    ▲ Next.js 15.5.22
2026-08-30 18:05:13 +07:00:    ▲ Next.js 15.5.22
2026-08-30 18:05:13 +07:00:    - Local:        http://localhost:3000
2026-08-30 18:05:13 +07:00:    - Network:      http://192.168.1.16:3000
2026-08-30 18:05:13 +07:00: 
2026-08-30 18:05:13 +07:00:  ✓ Starting...
2026-08-30 18:05:13 +07:00:    - Local:        http://localhost:3000
2026-08-30 18:05:13 +07:00:    - Network:      http://192.168.1.16:3000
2026-08-30 18:05:13 +07:00: 
2026-08-30 18:05:13 +07:00:  ✓ Starting...
2026-08-30 18:05:13 +07:00:    - Local:        http://localhost:3000
2026-08-30 18:05:13 +07:00:    - Network:      http://192.168.1.16:3000
2026-08-30 18:05:13 +07:00: 
2026-08-30 18:05:13 +07:00:  ✓ Starting...
2026-08-30 18:05:13 +07:00:    ▲ Next.js 15.5.22
2026-08-30 18:05:13 +07:00:    - Local:        http://localhost:3000
2026-08-30 18:05:13 +07:00:    - Network:      http://192.168.1.16:3000
2026-08-30 18:05:13 +07:00: 
2026-08-30 18:05:13 +07:00:  ✓ Starting...
2026-08-30 18:05:13 +07:00:    - Local:        http://localhost:3000
2026-08-30 18:05:13 +07:00:    - Network:      http://192.168.1.16:3000
2026-08-30 18:05:13 +07:00: 
2026-08-30 18:05:13 +07:00:  ✓ Starting...
2026-08-30 18:05:13 +07:00:    - Local:        http://localhost:3000
2026-08-30 18:05:13 +07:00:    - Network:      http://192.168.1.16:3000
2026-08-30 18:05:13 +07:00: 
2026-08-30 18:05:13 +07:00:  ✓ Starting...
2026-08-30 18:05:13 +07:00:    - Local:        http://localhost:3000
2026-08-30 18:05:13 +07:00:    - Network:      http://192.168.1.16:3000
2026-08-30 18:05:13 +07:00: 
2026-08-30 18:05:13 +07:00:  ✓ Starting...
2026-08-30 18:05:13 +07:00:    ▲ Next.js 15.5.22
2026-08-30 18:05:13 +07:00:    - Local:        http://localhost:3000
2026-08-30 18:05:13 +07:00:    - Network:      http://192.168.1.16:3000
2026-08-30 18:05:13 +07:00: 
2026-08-30 18:05:13 +07:00:  ✓ Starting...
2026-08-30 18:05:13 +07:00:    ▲ Next.js 15.5.22
2026-08-30 18:05:13 +07:00:    - Local:        http://localhost:3000
2026-08-30 18:05:13 +07:00:    - Network:      http://192.168.1.16:3000
2026-08-30 18:05:13 +07:00: 
2026-08-30 18:05:13 +07:00:  ✓ Starting...
2026-08-30 18:05:13 +07:00:    ▲ Next.js 15.5.22
2026-08-30 18:05:14 +07:00:    ▲ Next.js 15.5.22
2026-08-30 18:05:13 +07:00:    - Local:        http://localhost:3000
2026-08-30 18:05:13 +07:00:    - Network:      http://192.168.1.16:3000
2026-08-30 18:05:13 +07:00: 
2026-08-30 18:05:13 +07:00:  ✓ Starting...
2026-08-30 18:05:14 +07:00:    - Local:        http://localhost:3000
2026-08-30 18:05:14 +07:00:    - Network:      http://192.168.1.16:3000
2026-08-30 18:05:14 +07:00: 
2026-08-30 18:05:14 +07:00:  ✓ Starting...
2026-08-30 18:05:14 +07:00:    ▲ Next.js 15.5.22
2026-08-30 18:05:14 +07:00:    ▲ Next.js 15.5.22
2026-08-30 18:05:14 +07:00:    ▲ Next.js 15.5.22
2026-08-30 18:05:14 +07:00:    ▲ Next.js 15.5.22
2026-08-30 18:05:14 +07:00:    - Local:        http://localhost:3000
2026-08-30 18:05:14 +07:00:    - Network:      http://192.168.1.16:3000
2026-08-30 18:05:14 +07:00: 
2026-08-30 18:05:14 +07:00:  ✓ Starting...
2026-08-30 18:05:14 +07:00:    ▲ Next.js 15.5.22
2026-08-30 18:05:14 +07:00:    ▲ Next.js 15.5.22
2026-08-30 18:05:14 +07:00:    ▲ Next.js 15.5.22
2026-08-30 18:05:14 +07:00:    ▲ Next.js 15.5.22
2026-08-30 18:05:14 +07:00:    - Local:        http://localhost:3000
2026-08-30 18:05:14 +07:00:    - Network:      http://192.168.1.16:3000
2026-08-30 18:05:14 +07:00: 
2026-08-30 18:05:14 +07:00:  ✓ Starting...
2026-08-30 18:05:14 +07:00:    - Local:        http://localhost:3000
2026-08-30 18:05:14 +07:00:    - Network:      http://192.168.1.16:3000
2026-08-30 18:05:14 +07:00: 
2026-08-30 18:05:14 +07:00:  ✓ Starting...
2026-08-30 18:05:14 +07:00:    - Local:        http://localhost:3000
2026-08-30 18:05:14 +07:00:    - Network:      http://192.168.1.16:3000
2026-08-30 18:05:14 +07:00: 
2026-08-30 18:05:14 +07:00:  ✓ Starting...
2026-08-30 18:05:14 +07:00:    - Local:        http://localhost:3000
2026-08-30 18:05:14 +07:00:    - Network:      http://192.168.1.16:3000
2026-08-30 18:05:14 +07:00: 
2026-08-30 18:05:14 +07:00:  ✓ Starting...
2026-08-30 18:05:14 +07:00:    - Local:        http://localhost:3000
2026-08-30 18:05:14 +07:00:    - Network:      http://192.168.1.16:3000
2026-08-30 18:05:14 +07:00: 
2026-08-30 18:05:14 +07:00:  ✓ Starting...
2026-08-30 18:05:14 +07:00:    - Local:        http://localhost:3000
2026-08-30 18:05:14 +07:00:    - Network:      http://192.168.1.16:3000
2026-08-30 18:05:14 +07:00: 
2026-08-30 18:05:14 +07:00:  ✓ Starting...
2026-08-30 18:05:14 +07:00:    - Local:        http://localhost:3000
2026-08-30 18:05:14 +07:00:    - Network:      http://192.168.1.16:3000
2026-08-30 18:05:14 +07:00: 
2026-08-30 18:05:14 +07:00:  ✓ Starting...
2026-08-30 18:05:14 +07:00:    ▲ Next.js 15.5.22
2026-08-30 18:05:14 +07:00:    - Local:        http://localhost:3000
2026-08-30 18:05:14 +07:00:    - Network:      http://192.168.1.16:3000
2026-08-30 18:05:14 +07:00: 
2026-08-30 18:05:14 +07:00:  ✓ Starting...
2026-08-30 18:05:15 +07:00:    ▲ Next.js 15.5.22
2026-08-30 18:05:15 +07:00:    - Local:        http://localhost:3000
2026-08-30 18:05:15 +07:00:    - Network:      http://192.168.1.16:3000
2026-08-30 18:05:15 +07:00: 
2026-08-30 18:05:15 +07:00:  ✓ Starting...
2026-08-30 18:05:15 +07:00:    ▲ Next.js 15.5.22
2026-08-30 18:05:15 +07:00:    ▲ Next.js 15.5.22
2026-08-30 18:05:15 +07:00:    - Local:        http://localhost:3000
2026-08-30 18:05:15 +07:00:    - Network:      http://192.168.1.16:3000
2026-08-30 18:05:15 +07:00: 
2026-08-30 18:05:15 +07:00:  ✓ Starting...
2026-08-30 18:05:15 +07:00:    - Local:        http://localhost:3000
2026-08-30 18:05:15 +07:00:    - Network:      http://192.168.1.16:3000
2026-08-30 18:05:15 +07:00: 
2026-08-30 18:05:15 +07:00:  ✓ Starting...
2026-08-30 18:05:15 +07:00:    ▲ Next.js 15.5.22
2026-08-30 18:05:15 +07:00:    ▲ Next.js 15.5.22
2026-08-30 18:05:15 +07:00:    - Local:        http://localhost:3000
2026-08-30 18:05:15 +07:00:    - Network:      http://192.168.1.16:3000
2026-08-30 18:05:15 +07:00: 
2026-08-30 18:05:15 +07:00:  ✓ Starting...
2026-08-30 18:05:15 +07:00:    ▲ Next.js 15.5.22
2026-08-30 18:05:15 +07:00:    ▲ Next.js 15.5.22
2026-08-30 18:05:15 +07:00:    ▲ Next.js 15.5.22
2026-08-30 18:05:15 +07:00:    ▲ Next.js 15.5.22
2026-08-30 18:05:15 +07:00:    ▲ Next.js 15.5.22
2026-08-30 18:05:16 +07:00:    ▲ Next.js 15.5.22
2026-08-30 18:05:15 +07:00:    - Local:        http://localhost:3000
2026-08-30 18:05:15 +07:00:    - Network:      http://192.168.1.16:3000
2026-08-30 18:05:15 +07:00: 
2026-08-30 18:05:15 +07:00:  ✓ Starting...
2026-08-30 18:05:15 +07:00:    - Local:        http://localhost:3000
2026-08-30 18:05:15 +07:00:    - Network:      http://192.168.1.16:3000
2026-08-30 18:05:15 +07:00: 
2026-08-30 18:05:15 +07:00:  ✓ Starting...
2026-08-30 18:05:15 +07:00:    - Local:        http://localhost:3000
2026-08-30 18:05:15 +07:00:    - Network:      http://192.168.1.16:3000
2026-08-30 18:05:15 +07:00: 
2026-08-30 18:05:15 +07:00:  ✓ Starting...
2026-08-30 18:05:15 +07:00:    - Local:        http://localhost:3000
2026-08-30 18:05:15 +07:00:    - Network:      http://192.168.1.16:3000
2026-08-30 18:05:15 +07:00: 
2026-08-30 18:05:15 +07:00:  ✓ Starting...
2026-08-30 18:05:15 +07:00:    - Local:        http://localhost:3000
2026-08-30 18:05:16 +07:00:    - Network:      http://192.168.1.16:3000
2026-08-30 18:05:16 +07:00: 
2026-08-30 18:05:16 +07:00:  ✓ Starting...
2026-08-30 18:05:15 +07:00:    - Local:        http://localhost:3000
2026-08-30 18:05:15 +07:00:    - Network:      http://192.168.1.16:3000
2026-08-30 18:05:15 +07:00: 
2026-08-30 18:05:15 +07:00:  ✓ Starting...
2026-08-30 18:05:16 +07:00:    - Local:        http://localhost:3000
2026-08-30 18:05:16 +07:00:    - Network:      http://192.168.1.16:3000
2026-08-30 18:05:16 +07:00: 
2026-08-30 18:05:16 +07:00:  ✓ Starting...
2026-08-30 18:05:16 +07:00:    ▲ Next.js 15.5.22
2026-08-30 18:05:16 +07:00:    - Local:        http://localhost:3000
2026-08-30 18:05:16 +07:00:    - Network:      http://192.168.1.16:3000
2026-08-30 18:05:16 +07:00: 
2026-08-30 18:05:16 +07:00:  ✓ Starting...
2026-08-30 18:05:16 +07:00:    ▲ Next.js 15.5.22
2026-08-30 18:05:16 +07:00:    - Local:        http://localhost:3000
2026-08-30 18:05:16 +07:00:    - Network:      http://192.168.1.16:3000
2026-08-30 18:05:16 +07:00: 
2026-08-30 18:05:16 +07:00:  ✓ Starting...
2026-08-30 18:05:16 +07:00:    ▲ Next.js 15.5.22
2026-08-30 18:05:16 +07:00:    ▲ Next.js 15.5.22
2026-08-30 18:05:16 +07:00:    - Local:        http://localhost:3000
2026-08-30 18:05:16 +07:00:    - Network:      http://192.168.1.16:3000
2026-08-30 18:05:16 +07:00: 
2026-08-30 18:05:16 +07:00:  ✓ Starting...
2026-08-30 18:05:16 +07:00:    - Local:        http://localhost:3000
2026-08-30 18:05:16 +07:00:    - Network:      http://192.168.1.16:3000
2026-08-30 18:05:16 +07:00: 
2026-08-30 18:05:16 +07:00:  ✓ Starting...
2026-08-30 18:05:17 +07:00:    ▲ Next.js 15.5.22
2026-08-30 18:05:17 +07:00:    ▲ Next.js 15.5.22
2026-08-30 18:05:17 +07:00:    - Local:        http://localhost:3000
2026-08-30 18:05:17 +07:00:    - Network:      http://192.168.1.16:3000
2026-08-30 18:05:17 +07:00: 
2026-08-30 18:05:17 +07:00:  ✓ Starting...
2026-08-30 18:05:17 +07:00:    ▲ Next.js 15.5.22
2026-08-30 18:05:17 +07:00:    ▲ Next.js 15.5.22
2026-08-30 18:05:17 +07:00:    ▲ Next.js 15.5.22
2026-08-30 18:05:17 +07:00:    ▲ Next.js 15.5.22
2026-08-30 18:05:17 +07:00:    ▲ Next.js 15.5.22
2026-08-30 18:05:17 +07:00:    - Local:        http://localhost:3000
2026-08-30 18:05:17 +07:00:    - Network:      http://192.168.1.16:3000
2026-08-30 18:05:17 +07:00: 
2026-08-30 18:05:17 +07:00:  ✓ Starting...
2026-08-30 18:05:17 +07:00:    ▲ Next.js 15.5.22
2026-08-30 18:05:17 +07:00:    - Local:        http://localhost:3000
2026-08-30 18:05:17 +07:00:    - Network:      http://192.168.1.16:3000
2026-08-30 18:05:17 +07:00: 
2026-08-30 18:05:17 +07:00:  ✓ Starting...
2026-08-30 18:05:17 +07:00:    - Local:        http://localhost:3000
2026-08-30 18:05:17 +07:00:    - Network:      http://192.168.1.16:3000
2026-08-30 18:05:17 +07:00: 
2026-08-30 18:05:17 +07:00:  ✓ Starting...
2026-08-30 18:05:17 +07:00:    - Local:        http://localhost:3000
2026-08-30 18:05:17 +07:00:    - Network:      http://192.168.1.16:3000
2026-08-30 18:05:17 +07:00: 
2026-08-30 18:05:17 +07:00:  ✓ Starting...
2026-08-30 18:05:17 +07:00:    - Local:        http://localhost:3000
2026-08-30 18:05:17 +07:00:    - Network:      http://192.168.1.16:3000
2026-08-30 18:05:17 +07:00: 
2026-08-30 18:05:17 +07:00:  ✓ Starting...
2026-08-30 18:05:17 +07:00:    - Local:        http://localhost:3000
2026-08-30 18:05:17 +07:00:    - Network:      http://192.168.1.16:3000
2026-08-30 18:05:17 +07:00: 
2026-08-30 18:05:17 +07:00:  ✓ Starting...
2026-08-30 18:05:17 +07:00:    ▲ Next.js 15.5.22
2026-08-30 18:05:17 +07:00:    - Local:        http://localhost:3000
2026-08-30 18:05:17 +07:00:    - Network:      http://192.168.1.16:3000
2026-08-30 18:05:17 +07:00: 
2026-08-30 18:05:17 +07:00:  ✓ Starting...
2026-08-30 18:05:17 +07:00:    - Local:        http://localhost:3000
2026-08-30 18:05:17 +07:00:    - Network:      http://192.168.1.16:3000
2026-08-30 18:05:17 +07:00: 
2026-08-30 18:05:17 +07:00:  ✓ Starting...
2026-08-30 18:05:17 +07:00:    ▲ Next.js 15.5.22
2026-08-30 18:05:17 +07:00:    - Local:        http://localhost:3000
2026-08-30 18:05:17 +07:00:    - Network:      http://192.168.1.16:3000
2026-08-30 18:05:17 +07:00: 
2026-08-30 18:05:17 +07:00:  ✓ Starting...
2026-08-30 18:05:18 +07:00:    ▲ Next.js 15.5.22
2026-08-30 18:05:18 +07:00:    ▲ Next.js 15.5.22
2026-08-30 18:05:18 +07:00:    - Local:        http://localhost:3000
2026-08-30 18:05:18 +07:00:    - Network:      http://192.168.1.16:3000
2026-08-30 18:05:18 +07:00: 
2026-08-30 18:05:18 +07:00:  ✓ Starting...
2026-08-30 18:05:18 +07:00:    - Local:        http://localhost:3000
2026-08-30 18:05:18 +07:00:    - Network:      http://192.168.1.16:3000
2026-08-30 18:05:18 +07:00: 
2026-08-30 18:05:18 +07:00:  ✓ Starting...
2026-08-30 18:05:18 +07:00:    ▲ Next.js 15.5.22
2026-08-30 18:05:18 +07:00:    - Local:        http://localhost:3000
2026-08-30 18:05:18 +07:00:    - Network:      http://192.168.1.16:3000
2026-08-30 18:05:18 +07:00: 
2026-08-30 18:05:18 +07:00:  ✓ Starting...
2026-08-30 18:05:18 +07:00:    ▲ Next.js 15.5.22
2026-08-30 18:05:18 +07:00:    ▲ Next.js 15.5.22
2026-08-30 18:05:18 +07:00:    ▲ Next.js 15.5.22
2026-08-30 18:05:18 +07:00:    ▲ Next.js 15.5.22
2026-08-30 18:05:18 +07:00:    ▲ Next.js 15.5.22
2026-08-30 18:05:18 +07:00:    ▲ Next.js 15.5.22
2026-08-30 18:05:18 +07:00:    - Local:        http://localhost:3000
2026-08-30 18:05:18 +07:00:    - Network:      http://192.168.1.16:3000
2026-08-30 18:05:18 +07:00: 
2026-08-30 18:05:18 +07:00:  ✓ Starting...
2026-08-30 18:05:18 +07:00:    ▲ Next.js 15.5.22
2026-08-30 18:05:18 +07:00:    - Local:        http://localhost:3000
2026-08-30 18:05:18 +07:00:    - Network:      http://192.168.1.16:3000
2026-08-30 18:05:18 +07:00: 
2026-08-30 18:05:18 +07:00:  ✓ Starting...
2026-08-30 18:05:18 +07:00:    ▲ Next.js 15.5.22
2026-08-30 18:05:18 +07:00:    - Local:        http://localhost:3000
2026-08-30 18:05:18 +07:00:    - Network:      http://192.168.1.16:3000
2026-08-30 18:05:18 +07:00: 
2026-08-30 18:05:18 +07:00:  ✓ Starting...
2026-08-30 18:05:18 +07:00:    - Local:        http://localhost:3000
2026-08-30 18:05:18 +07:00:    - Network:      http://192.168.1.16:3000
2026-08-30 18:05:18 +07:00: 
2026-08-30 18:05:18 +07:00:  ✓ Starting...
2026-08-30 18:05:18 +07:00:    - Local:        http://localhost:3000
2026-08-30 18:05:18 +07:00:    - Network:      http://192.168.1.16:3000
2026-08-30 18:05:18 +07:00: 
2026-08-30 18:05:18 +07:00:  ✓ Starting...
2026-08-30 18:05:18 +07:00:    - Local:        http://localhost:3000
2026-08-30 18:05:18 +07:00:    - Network:      http://192.168.1.16:3000
2026-08-30 18:05:18 +07:00: 
2026-08-30 18:05:18 +07:00:  ✓ Starting...
2026-08-30 18:05:18 +07:00:    - Local:        http://localhost:3000
2026-08-30 18:05:18 +07:00:    - Network:      http://192.168.1.16:3000
2026-08-30 18:05:18 +07:00: 
2026-08-30 18:05:18 +07:00:  ✓ Starting...
2026-08-30 18:05:18 +07:00:    - Local:        http://localhost:3000
2026-08-30 18:05:18 +07:00:    - Network:      http://192.168.1.16:3000
2026-08-30 18:05:18 +07:00: 
2026-08-30 18:05:18 +07:00:  ✓ Starting...
2026-08-30 18:05:19 +07:00:    ▲ Next.js 15.5.22
2026-08-30 18:05:19 +07:00:    - Local:        http://localhost:3000
2026-08-30 18:05:19 +07:00:    - Network:      http://192.168.1.16:3000
2026-08-30 18:05:19 +07:00: 
2026-08-30 18:05:19 +07:00:  ✓ Starting...
2026-08-30 18:10:12 +07:00:    ▲ Next.js 15.5.22
2026-08-30 18:10:12 +07:00:    ▲ Next.js 15.5.22
2026-08-30 18:10:12 +07:00:    ▲ Next.js 15.5.22
2026-08-30 18:10:12 +07:00:    ▲ Next.js 15.5.22
2026-08-30 18:10:12 +07:00:    ▲ Next.js 15.5.22
2026-08-30 18:10:12 +07:00:    ▲ Next.js 15.5.22
2026-08-30 18:10:12 +07:00:    ▲ Next.js 15.5.22
2026-08-30 18:10:12 +07:00:    - Local:        http://localhost:3000
2026-08-30 18:10:12 +07:00:    - Network:      http://192.168.1.16:3000
2026-08-30 18:10:12 +07:00: 
2026-08-30 18:10:12 +07:00:  ✓ Starting...
2026-08-30 18:10:12 +07:00:    - Local:        http://localhost:3000
2026-08-30 18:10:12 +07:00:    - Network:      http://192.168.1.16:3000
2026-08-30 18:10:12 +07:00: 
2026-08-30 18:10:12 +07:00:  ✓ Starting...
2026-08-30 18:10:12 +07:00:    - Local:        http://localhost:3000
2026-08-30 18:10:12 +07:00:    - Network:      http://192.168.1.16:3000
2026-08-30 18:10:12 +07:00: 
2026-08-30 18:10:12 +07:00:  ✓ Starting...
2026-08-30 18:10:12 +07:00:    - Local:        http://localhost:3000
2026-08-30 18:10:12 +07:00:    - Network:      http://192.168.1.16:3000
2026-08-30 18:10:12 +07:00: 
2026-08-30 18:10:12 +07:00:  ✓ Starting...
2026-08-30 18:10:12 +07:00:    ▲ Next.js 15.5.22
2026-08-30 18:10:12 +07:00:    - Local:        http://localhost:3000
2026-08-30 18:10:12 +07:00:    - Network:      http://192.168.1.16:3000
2026-08-30 18:10:12 +07:00: 
2026-08-30 18:10:12 +07:00:  ✓ Starting...
2026-08-30 18:10:12 +07:00:    - Local:        http://localhost:3000
2026-08-30 18:10:12 +07:00:    - Network:      http://192.168.1.16:3000
2026-08-30 18:10:12 +07:00: 
2026-08-30 18:10:12 +07:00:  ✓ Starting...
2026-08-30 18:10:12 +07:00:    ▲ Next.js 15.5.22
2026-08-30 18:10:12 +07:00:    ▲ Next.js 15.5.22
2026-08-30 18:10:12 +07:00:    ▲ Next.js 15.5.22
2026-08-30 18:10:12 +07:00:    - Local:        http://localhost:3000
2026-08-30 18:10:12 +07:00:    - Network:      http://192.168.1.16:3000
2026-08-30 18:10:12 +07:00: 
2026-08-30 18:10:12 +07:00:  ✓ Starting...
2026-08-30 18:10:12 +07:00:    ▲ Next.js 15.5.22
2026-08-30 18:10:12 +07:00:    - Local:        http://localhost:3000
2026-08-30 18:10:12 +07:00:    - Network:      http://192.168.1.16:3000
2026-08-30 18:10:12 +07:00: 
2026-08-30 18:10:12 +07:00:  ✓ Starting...
2026-08-30 18:10:12 +07:00:    - Local:        http://localhost:3000
2026-08-30 18:10:12 +07:00:    - Network:      http://192.168.1.16:3000
2026-08-30 18:10:12 +07:00: 
2026-08-30 18:10:12 +07:00:  ✓ Starting...
2026-08-30 18:10:12 +07:00:    - Local:        http://localhost:3000
2026-08-30 18:10:12 +07:00:    - Network:      http://192.168.1.16:3000
2026-08-30 18:10:12 +07:00: 
2026-08-30 18:10:12 +07:00:  ✓ Starting...
2026-08-30 18:10:12 +07:00:    - Local:        http://localhost:3000
2026-08-30 18:10:12 +07:00:    - Network:      http://192.168.1.16:3000
2026-08-30 18:10:12 +07:00: 
2026-08-30 18:10:12 +07:00:  ✓ Starting...
2026-08-30 18:10:12 +07:00:    - Local:        http://localhost:3000
2026-08-30 18:10:12 +07:00:    - Network:      http://192.168.1.16:3000
2026-08-30 18:10:12 +07:00: 
2026-08-30 18:10:12 +07:00:  ✓ Starting...
2026-08-30 18:10:13 +07:00:  ✓ Ready in 1424ms
2026-08-30 18:10:13 +07:00:  ✓ Ready in 1536ms
2026-08-30 18:10:13 +07:00:  ✓ Ready in 1547ms
2026-08-30 18:10:13 +07:00:  ✓ Ready in 1504ms
2026-08-30 18:10:13 +07:00:  ✓ Ready in 1445ms
2026-08-30 18:10:13 +07:00:  ✓ Ready in 1522ms
2026-08-30 18:10:13 +07:00:  ✓ Ready in 1390ms
2026-08-30 18:10:13 +07:00:  ✓ Ready in 1488ms
2026-08-30 18:10:14 +07:00:  ✓ Ready in 1560ms
2026-08-30 18:10:14 +07:00:  ✓ Ready in 1507ms
2026-08-30 18:10:14 +07:00:  ✓ Ready in 1527ms
2026-08-30 18:10:14 +07:00:  ✓ Ready in 1599ms
2026-08-30 18:33:39 +07:00:    ▲ Next.js 15.5.22
2026-08-30 18:33:39 +07:00:    ▲ Next.js 15.5.22
2026-08-30 18:33:39 +07:00:    - Local:        http://localhost:3000
2026-08-30 18:33:39 +07:00:    - Network:      http://192.168.1.16:3000
2026-08-30 18:33:39 +07:00: 
2026-08-30 18:33:39 +07:00:  ✓ Starting...
2026-08-30 18:33:39 +07:00:    - Local:        http://localhost:3000
2026-08-30 18:33:39 +07:00:    - Network:      http://192.168.1.16:3000
2026-08-30 18:33:39 +07:00: 
2026-08-30 18:33:39 +07:00:  ✓ Starting...
2026-08-30 18:33:40 +07:00:  ✓ Ready in 678ms
2026-08-30 18:33:40 +07:00:  ✓ Ready in 700ms
2026-08-30 18:38:07 +07:00:    ▲ Next.js 15.5.22
2026-08-30 18:38:07 +07:00:    - Local:        http://localhost:3000
2026-08-30 18:38:07 +07:00:    - Network:      http://192.168.1.16:3000
2026-08-30 18:38:07 +07:00: 
2026-08-30 18:38:07 +07:00:  ✓ Starting...
2026-08-30 18:38:07 +07:00:    ▲ Next.js 15.5.22
2026-08-30 18:38:07 +07:00:    - Local:        http://localhost:3000
2026-08-30 18:38:07 +07:00:    - Network:      http://192.168.1.16:3000
2026-08-30 18:38:07 +07:00: 
2026-08-30 18:38:07 +07:00:  ✓ Starting...
2026-08-30 18:38:08 +07:00:    ▲ Next.js 15.5.22
2026-08-30 18:38:08 +07:00:    ▲ Next.js 15.5.22
2026-08-30 18:38:08 +07:00:    - Local:        http://localhost:3000
2026-08-30 18:38:08 +07:00:    - Network:      http://192.168.1.16:3000
2026-08-30 18:38:08 +07:00: 
2026-08-30 18:38:08 +07:00:  ✓ Starting...
2026-08-30 18:38:08 +07:00:    - Local:        http://localhost:3000
2026-08-30 18:38:08 +07:00:    - Network:      http://192.168.1.16:3000
2026-08-30 18:38:08 +07:00: 
2026-08-30 18:38:08 +07:00:  ✓ Starting...
2026-08-30 18:38:08 +07:00:    ▲ Next.js 15.5.22
2026-08-30 18:38:08 +07:00:    - Local:        http://localhost:3000
2026-08-30 18:38:08 +07:00:    - Network:      http://192.168.1.16:3000
2026-08-30 18:38:08 +07:00: 
2026-08-30 18:38:08 +07:00:  ✓ Starting...
2026-08-30 18:38:08 +07:00:    ▲ Next.js 15.5.22
2026-08-30 18:38:08 +07:00:    - Local:        http://localhost:3000
2026-08-30 18:38:08 +07:00:    - Network:      http://192.168.1.16:3000
2026-08-30 18:38:08 +07:00: 
2026-08-30 18:38:08 +07:00:  ✓ Starting...
2026-08-30 18:38:09 +07:00:    ▲ Next.js 15.5.22
2026-08-30 18:38:09 +07:00:    - Local:        http://localhost:3000
2026-08-30 18:38:09 +07:00:    - Network:      http://192.168.1.16:3000
2026-08-30 18:38:09 +07:00: 
2026-08-30 18:38:09 +07:00:  ✓ Starting...
2026-08-30 18:38:09 +07:00:    ▲ Next.js 15.5.22
2026-08-30 18:38:09 +07:00:    - Local:        http://localhost:3000
2026-08-30 18:38:09 +07:00:    - Network:      http://192.168.1.16:3000
2026-08-30 18:38:09 +07:00: 
2026-08-30 18:38:09 +07:00:  ✓ Starting...
2026-08-30 18:38:10 +07:00:    ▲ Next.js 15.5.22
2026-08-30 18:38:10 +07:00:    - Local:        http://localhost:3000
2026-08-30 18:38:10 +07:00:    - Network:      http://192.168.1.16:3000
2026-08-30 18:38:10 +07:00: 
2026-08-30 18:38:10 +07:00:  ✓ Starting...
2026-08-30 18:38:10 +07:00:    ▲ Next.js 15.5.22
2026-08-30 18:38:10 +07:00:    - Local:        http://localhost:3000
2026-08-30 18:38:10 +07:00:    - Network:      http://192.168.1.16:3000
2026-08-30 18:38:10 +07:00: 
2026-08-30 18:38:10 +07:00:  ✓ Starting...
2026-08-30 18:38:10 +07:00:    ▲ Next.js 15.5.22
2026-08-30 18:38:10 +07:00:    - Local:        http://localhost:3000
2026-08-30 18:38:11 +07:00:    - Network:      http://192.168.1.16:3000
2026-08-30 18:38:11 +07:00: 
2026-08-30 18:38:11 +07:00:  ✓ Starting...
2026-08-30 18:38:11 +07:00:    ▲ Next.js 15.5.22
2026-08-30 18:38:11 +07:00:    - Local:        http://localhost:3000
2026-08-30 18:38:11 +07:00:    - Network:      http://192.168.1.16:3000
2026-08-30 18:38:11 +07:00: 
2026-08-30 18:38:11 +07:00:  ✓ Starting...
2026-08-30 18:38:11 +07:00:    ▲ Next.js 15.5.22
2026-08-30 18:38:11 +07:00:    - Local:        http://localhost:3000
2026-08-30 18:38:11 +07:00:    - Network:      http://192.168.1.16:3000
2026-08-30 18:38:11 +07:00: 
2026-08-30 18:38:11 +07:00:  ✓ Starting...
2026-08-30 18:38:11 +07:00:    ▲ Next.js 15.5.22
2026-08-30 18:38:11 +07:00:    - Local:        http://localhost:3000
2026-08-30 18:38:11 +07:00:    - Network:      http://192.168.1.16:3000
2026-08-30 18:38:11 +07:00: 
2026-08-30 18:38:11 +07:00:  ✓ Starting...
2026-08-30 18:38:12 +07:00:    ▲ Next.js 15.5.22
2026-08-30 18:38:12 +07:00:    ▲ Next.js 15.5.22
2026-08-30 18:38:12 +07:00:    - Local:        http://localhost:3000
2026-08-30 18:38:12 +07:00:    - Network:      http://192.168.1.16:3000
2026-08-30 18:38:12 +07:00: 
2026-08-30 18:38:12 +07:00:  ✓ Starting...
2026-08-30 18:38:12 +07:00:    - Local:        http://localhost:3000
2026-08-30 18:38:12 +07:00:    - Network:      http://192.168.1.16:3000
2026-08-30 18:38:12 +07:00: 
2026-08-30 18:38:12 +07:00:  ✓ Starting...
2026-08-30 18:38:13 +07:00:    ▲ Next.js 15.5.22
2026-08-30 18:38:13 +07:00:    ▲ Next.js 15.5.22
2026-08-30 18:38:13 +07:00:    - Local:        http://localhost:3000
2026-08-30 18:38:13 +07:00:    - Network:      http://192.168.1.16:3000
2026-08-30 18:38:13 +07:00: 
2026-08-30 18:38:13 +07:00:  ✓ Starting...
2026-08-30 18:38:13 +07:00:    - Local:        http://localhost:3000
2026-08-30 18:38:13 +07:00:    - Network:      http://192.168.1.16:3000
2026-08-30 18:38:13 +07:00: 
2026-08-30 18:38:13 +07:00:  ✓ Starting...
2026-08-30 18:38:13 +07:00:    ▲ Next.js 15.5.22
2026-08-30 18:38:13 +07:00:    ▲ Next.js 15.5.22
2026-08-30 18:38:13 +07:00:    - Local:        http://localhost:3000
2026-08-30 18:38:13 +07:00:    - Network:      http://192.168.1.16:3000
2026-08-30 18:38:13 +07:00: 
2026-08-30 18:38:13 +07:00:  ✓ Starting...
2026-08-30 18:38:14 +07:00:    - Local:        http://localhost:3000
2026-08-30 18:38:14 +07:00:    - Network:      http://192.168.1.16:3000
2026-08-30 18:38:14 +07:00: 
2026-08-30 18:38:14 +07:00:  ✓ Starting...
2026-08-30 18:38:14 +07:00:    ▲ Next.js 15.5.22
2026-08-30 18:38:14 +07:00:    ▲ Next.js 15.5.22
2026-08-30 18:38:14 +07:00:    - Local:        http://localhost:3000
2026-08-30 18:38:14 +07:00:    - Network:      http://192.168.1.16:3000
2026-08-30 18:38:14 +07:00: 
2026-08-30 18:38:14 +07:00:  ✓ Starting...
2026-08-30 18:38:14 +07:00:    - Local:        http://localhost:3000
2026-08-30 18:38:14 +07:00:    - Network:      http://192.168.1.16:3000
2026-08-30 18:38:14 +07:00: 
2026-08-30 18:38:14 +07:00:  ✓ Starting...
2026-08-30 18:38:15 +07:00:    ▲ Next.js 15.5.22
2026-08-30 18:38:15 +07:00:    ▲ Next.js 15.5.22
2026-08-30 18:38:15 +07:00:    - Local:        http://localhost:3000
2026-08-30 18:38:15 +07:00:    - Network:      http://192.168.1.16:3000
2026-08-30 18:38:15 +07:00: 
2026-08-30 18:38:15 +07:00:  ✓ Starting...
2026-08-30 18:38:15 +07:00:    - Local:        http://localhost:3000
2026-08-30 18:38:15 +07:00:    - Network:      http://192.168.1.16:3000
2026-08-30 18:38:15 +07:00: 
2026-08-30 18:38:15 +07:00:  ✓ Starting...
2026-08-30 18:38:16 +07:00:    ▲ Next.js 15.5.22
2026-08-30 18:38:16 +07:00:    ▲ Next.js 15.5.22
2026-08-30 18:38:16 +07:00:    - Local:        http://localhost:3000
2026-08-30 18:38:16 +07:00:    - Network:      http://192.168.1.16:3000
2026-08-30 18:38:16 +07:00: 
2026-08-30 18:38:16 +07:00:  ✓ Starting...
2026-08-30 18:38:16 +07:00:    - Local:        http://localhost:3000
2026-08-30 18:38:16 +07:00:    - Network:      http://192.168.1.16:3000
2026-08-30 18:38:16 +07:00: 
2026-08-30 18:38:16 +07:00:  ✓ Starting...
2026-08-30 18:38:16 +07:00:    ▲ Next.js 15.5.22
2026-08-30 18:38:16 +07:00:    ▲ Next.js 15.5.22
2026-08-30 18:38:16 +07:00:    - Local:        http://localhost:3000
2026-08-30 18:38:16 +07:00:    - Network:      http://192.168.1.16:3000
2026-08-30 18:38:16 +07:00: 
2026-08-30 18:38:16 +07:00:  ✓ Starting...
2026-08-30 18:38:16 +07:00:    - Local:        http://localhost:3000
2026-08-30 18:38:16 +07:00:    - Network:      http://192.168.1.16:3000
2026-08-30 18:38:16 +07:00: 
2026-08-30 18:38:16 +07:00:  ✓ Starting...
2026-08-30 18:38:17 +07:00:    ▲ Next.js 15.5.22
2026-08-30 18:38:17 +07:00:    ▲ Next.js 15.5.22
2026-08-30 18:38:17 +07:00:    - Local:        http://localhost:3000
2026-08-30 18:38:17 +07:00:    - Network:      http://192.168.1.16:3000
2026-08-30 18:38:17 +07:00: 
2026-08-30 18:38:17 +07:00:  ✓ Starting...
2026-08-30 18:38:17 +07:00:    - Local:        http://localhost:3000
2026-08-30 18:38:17 +07:00:    - Network:      http://192.168.1.16:3000
2026-08-30 18:38:17 +07:00: 
2026-08-30 18:38:17 +07:00:  ✓ Starting...
2026-08-30 18:38:18 +07:00:    ▲ Next.js 15.5.22
2026-08-30 18:38:18 +07:00:    ▲ Next.js 15.5.22
2026-08-30 18:38:18 +07:00:    - Local:        http://localhost:3000
2026-08-30 18:38:18 +07:00:    - Network:      http://192.168.1.16:3000
2026-08-30 18:38:18 +07:00: 
2026-08-30 18:38:18 +07:00:  ✓ Starting...
2026-08-30 18:38:18 +07:00:    - Local:        http://localhost:3000
2026-08-30 18:38:18 +07:00:    - Network:      http://192.168.1.16:3000
2026-08-30 18:38:18 +07:00: 
2026-08-30 18:38:18 +07:00:  ✓ Starting...
2026-08-30 18:58:24 +07:00:    ▲ Next.js 15.5.22
2026-08-30 18:58:24 +07:00:    ▲ Next.js 15.5.22
2026-08-30 18:58:24 +07:00:    - Local:        http://localhost:3000
2026-08-30 18:58:24 +07:00:    - Network:      http://192.168.1.16:3000
2026-08-30 18:58:24 +07:00: 
2026-08-30 18:58:24 +07:00:  ✓ Starting...
2026-08-30 18:58:24 +07:00:    - Local:        http://localhost:3000
2026-08-30 18:58:24 +07:00:    - Network:      http://192.168.1.16:3000
2026-08-30 18:58:24 +07:00: 
2026-08-30 18:58:24 +07:00:  ✓ Starting...
2026-08-30 18:58:24 +07:00:  ✓ Ready in 677ms
2026-08-30 18:58:24 +07:00:  ✓ Ready in 691ms
2026-08-30 19:02:18 +07:00:    ▲ Next.js 15.5.22
2026-08-30 19:02:18 +07:00:    - Local:        http://localhost:3000
2026-08-30 19:02:18 +07:00:    - Network:      http://192.168.1.16:3000
2026-08-30 19:02:18 +07:00: 
2026-08-30 19:02:18 +07:00:  ✓ Starting...
2026-08-30 19:02:18 +07:00:    ▲ Next.js 15.5.22
2026-08-30 19:02:18 +07:00:    - Local:        http://localhost:3000
2026-08-30 19:02:18 +07:00:    - Network:      http://192.168.1.16:3000
2026-08-30 19:02:18 +07:00: 
2026-08-30 19:02:18 +07:00:  ✓ Starting...
2026-08-30 19:02:19 +07:00:  ✓ Ready in 685ms
2026-08-30 19:02:19 +07:00:  ✓ Ready in 624ms
2026-08-30 19:03:02 +07:00:    ▲ Next.js 15.5.22
2026-08-30 19:03:02 +07:00:    - Local:        http://localhost:3000
2026-08-30 19:03:02 +07:00:    - Network:      http://192.168.1.16:3000
2026-08-30 19:03:02 +07:00: 
2026-08-30 19:03:02 +07:00:  ✓ Starting...
2026-08-30 19:03:02 +07:00:    ▲ Next.js 15.5.22
2026-08-30 19:03:02 +07:00:    - Local:        http://localhost:3000
2026-08-30 19:03:02 +07:00:    - Network:      http://192.168.1.16:3000
2026-08-30 19:03:02 +07:00: 
2026-08-30 19:03:02 +07:00:  ✓ Starting...
2026-08-30 19:03:03 +07:00:    ▲ Next.js 15.5.22
2026-08-30 19:03:03 +07:00:    - Local:        http://localhost:3000
2026-08-30 19:03:03 +07:00:    - Network:      http://192.168.1.16:3000
2026-08-30 19:03:03 +07:00: 
2026-08-30 19:03:03 +07:00:  ✓ Starting...
2026-08-30 19:03:03 +07:00:    ▲ Next.js 15.5.22
2026-08-30 19:03:03 +07:00:    - Local:        http://localhost:3000
2026-08-30 19:03:03 +07:00:    - Network:      http://192.168.1.16:3000
2026-08-30 19:03:03 +07:00: 
2026-08-30 19:03:03 +07:00:  ✓ Starting...
2026-08-30 19:03:03 +07:00:    ▲ Next.js 15.5.22
2026-08-30 19:03:03 +07:00:    - Local:        http://localhost:3000
2026-08-30 19:03:03 +07:00:    - Network:      http://192.168.1.16:3000
2026-08-30 19:03:03 +07:00: 
2026-08-30 19:03:03 +07:00:  ✓ Starting...
2026-08-30 19:03:03 +07:00:    ▲ Next.js 15.5.22
2026-08-30 19:03:03 +07:00:    - Local:        http://localhost:3000
2026-08-30 19:03:03 +07:00:    - Network:      http://192.168.1.16:3000
2026-08-30 19:03:03 +07:00: 
2026-08-30 19:03:03 +07:00:  ✓ Starting...
2026-08-30 19:03:04 +07:00:    ▲ Next.js 15.5.22
2026-08-30 19:03:04 +07:00:    - Local:        http://localhost:3000
2026-08-30 19:03:04 +07:00:    - Network:      http://192.168.1.16:3000
2026-08-30 19:03:04 +07:00: 
2026-08-30 19:03:04 +07:00:  ✓ Starting...
2026-08-30 19:03:04 +07:00:    ▲ Next.js 15.5.22
2026-08-30 19:03:04 +07:00:    - Local:        http://localhost:3000
2026-08-30 19:03:04 +07:00:    - Network:      http://192.168.1.16:3000
2026-08-30 19:03:04 +07:00: 
2026-08-30 19:03:04 +07:00:  ✓ Starting...
2026-08-30 19:03:05 +07:00:    ▲ Next.js 15.5.22
2026-08-30 19:03:05 +07:00:    ▲ Next.js 15.5.22
2026-08-30 19:03:05 +07:00:    - Local:        http://localhost:3000
2026-08-30 19:03:05 +07:00:    - Network:      http://192.168.1.16:3000
2026-08-30 19:03:05 +07:00: 
2026-08-30 19:03:05 +07:00:  ✓ Starting...
2026-08-30 19:03:05 +07:00:    - Local:        http://localhost:3000
2026-08-30 19:03:05 +07:00:    - Network:      http://192.168.1.16:3000
2026-08-30 19:03:05 +07:00: 
2026-08-30 19:03:05 +07:00:  ✓ Starting...
2026-08-30 19:03:05 +07:00:    ▲ Next.js 15.5.22
2026-08-30 19:03:05 +07:00:    - Local:        http://localhost:3000
2026-08-30 19:03:05 +07:00:    - Network:      http://192.168.1.16:3000
2026-08-30 19:03:05 +07:00: 
2026-08-30 19:03:05 +07:00:  ✓ Starting...
2026-08-30 19:03:06 +07:00:    ▲ Next.js 15.5.22
2026-08-30 19:03:06 +07:00:    - Local:        http://localhost:3000
2026-08-30 19:03:06 +07:00:    - Network:      http://192.168.1.16:3000
2026-08-30 19:03:06 +07:00: 
2026-08-30 19:03:06 +07:00:  ✓ Starting...
2026-08-30 19:03:06 +07:00:    ▲ Next.js 15.5.22
2026-08-30 19:03:06 +07:00:    ▲ Next.js 15.5.22
2026-08-30 19:03:06 +07:00:    - Local:        http://localhost:3000
2026-08-30 19:03:06 +07:00:    - Network:      http://192.168.1.16:3000
2026-08-30 19:03:06 +07:00: 
2026-08-30 19:03:06 +07:00:  ✓ Starting...
2026-08-30 19:03:06 +07:00:    - Local:        http://localhost:3000
2026-08-30 19:03:06 +07:00:    - Network:      http://192.168.1.16:3000
2026-08-30 19:03:06 +07:00: 
2026-08-30 19:03:06 +07:00:  ✓ Starting...
2026-08-30 19:03:07 +07:00:    ▲ Next.js 15.5.22
2026-08-30 19:03:07 +07:00:    ▲ Next.js 15.5.22
2026-08-30 19:03:07 +07:00:    - Local:        http://localhost:3000
2026-08-30 19:03:07 +07:00:    - Network:      http://192.168.1.16:3000
2026-08-30 19:03:07 +07:00: 
2026-08-30 19:03:07 +07:00:  ✓ Starting...
2026-08-30 19:03:07 +07:00:    - Local:        http://localhost:3000
2026-08-30 19:03:07 +07:00:    - Network:      http://192.168.1.16:3000
2026-08-30 19:03:07 +07:00: 
2026-08-30 19:03:07 +07:00:  ✓ Starting...
2026-08-30 19:03:08 +07:00:    ▲ Next.js 15.5.22
2026-08-30 19:03:08 +07:00:    ▲ Next.js 15.5.22
2026-08-30 19:03:08 +07:00:    - Local:        http://localhost:3000
2026-08-30 19:03:08 +07:00:    - Network:      http://192.168.1.16:3000
2026-08-30 19:03:08 +07:00: 
2026-08-30 19:03:08 +07:00:  ✓ Starting...
2026-08-30 19:03:08 +07:00:    - Local:        http://localhost:3000
2026-08-30 19:03:08 +07:00:    - Network:      http://192.168.1.16:3000
2026-08-30 19:03:08 +07:00: 
2026-08-30 19:03:08 +07:00:  ✓ Starting...
2026-08-30 19:03:08 +07:00:    ▲ Next.js 15.5.22
2026-08-30 19:03:08 +07:00:    ▲ Next.js 15.5.22
2026-08-30 19:03:08 +07:00:    - Local:        http://localhost:3000
2026-08-30 19:03:08 +07:00:    - Network:      http://192.168.1.16:3000
2026-08-30 19:03:08 +07:00: 
2026-08-30 19:03:08 +07:00:  ✓ Starting...
2026-08-30 19:03:08 +07:00:    - Local:        http://localhost:3000
2026-08-30 19:03:08 +07:00:    - Network:      http://192.168.1.16:3000
2026-08-30 19:03:08 +07:00: 
2026-08-30 19:03:08 +07:00:  ✓ Starting...
2026-08-30 19:03:09 +07:00:    ▲ Next.js 15.5.22
2026-08-30 19:03:09 +07:00:    ▲ Next.js 15.5.22
2026-08-30 19:03:09 +07:00:    - Local:        http://localhost:3000
2026-08-30 19:03:09 +07:00:    - Network:      http://192.168.1.16:3000
2026-08-30 19:03:09 +07:00: 
2026-08-30 19:03:09 +07:00:  ✓ Starting...
2026-08-30 19:03:09 +07:00:    - Local:        http://localhost:3000
2026-08-30 19:03:09 +07:00:    - Network:      http://192.168.1.16:3000
2026-08-30 19:03:09 +07:00: 
2026-08-30 19:03:09 +07:00:  ✓ Starting...
2026-08-30 19:03:10 +07:00:    ▲ Next.js 15.5.22
2026-08-30 19:03:10 +07:00:    ▲ Next.js 15.5.22
2026-08-30 19:03:10 +07:00:    - Local:        http://localhost:3000
2026-08-30 19:03:10 +07:00:    - Network:      http://192.168.1.16:3000
2026-08-30 19:03:10 +07:00: 
2026-08-30 19:03:10 +07:00:  ✓ Starting...
2026-08-30 19:03:10 +07:00:    - Local:        http://localhost:3000
2026-08-30 19:03:10 +07:00:    - Network:      http://192.168.1.16:3000
2026-08-30 19:03:10 +07:00: 
2026-08-30 19:03:10 +07:00:  ✓ Starting...
2026-08-30 19:03:11 +07:00:    ▲ Next.js 15.5.22
2026-08-30 19:03:11 +07:00:    ▲ Next.js 15.5.22
2026-08-30 19:03:11 +07:00:    - Local:        http://localhost:3000
2026-08-30 19:03:11 +07:00:    - Network:      http://192.168.1.16:3000
2026-08-30 19:03:11 +07:00: 
2026-08-30 19:03:11 +07:00:  ✓ Starting...
2026-08-30 19:03:11 +07:00:    - Local:        http://localhost:3000
2026-08-30 19:03:11 +07:00:    - Network:      http://192.168.1.16:3000
2026-08-30 19:03:11 +07:00: 
2026-08-30 19:03:11 +07:00:  ✓ Starting...
2026-08-30 19:03:11 +07:00:    ▲ Next.js 15.5.22
2026-08-30 19:03:11 +07:00:    ▲ Next.js 15.5.22
2026-08-30 19:03:11 +07:00:    - Local:        http://localhost:3000
2026-08-30 19:03:11 +07:00:    - Network:      http://192.168.1.16:3000
2026-08-30 19:03:11 +07:00: 
2026-08-30 19:03:11 +07:00:  ✓ Starting...
2026-08-30 19:03:11 +07:00:    - Local:        http://localhost:3000
2026-08-30 19:03:11 +07:00:    - Network:      http://192.168.1.16:3000
2026-08-30 19:03:11 +07:00: 
2026-08-30 19:03:11 +07:00:  ✓ Starting...
2026-08-30 19:03:12 +07:00:    ▲ Next.js 15.5.22
2026-08-30 19:03:12 +07:00:    ▲ Next.js 15.5.22
2026-08-30 19:03:12 +07:00:    - Local:        http://localhost:3000
2026-08-30 19:03:12 +07:00:    - Network:      http://192.168.1.16:3000
2026-08-30 19:03:12 +07:00: 
2026-08-30 19:03:12 +07:00:  ✓ Starting...
2026-08-30 19:03:12 +07:00:    - Local:        http://localhost:3000
2026-08-30 19:03:12 +07:00:    - Network:      http://192.168.1.16:3000
2026-08-30 19:03:12 +07:00: 
2026-08-30 19:03:12 +07:00:  ✓ Starting...
2026-08-30 19:03:13 +07:00:    ▲ Next.js 15.5.22
2026-08-30 19:03:13 +07:00:    ▲ Next.js 15.5.22
2026-08-30 19:03:13 +07:00:    - Local:        http://localhost:3000
2026-08-30 19:03:13 +07:00:    - Network:      http://192.168.1.16:3000
2026-08-30 19:03:13 +07:00: 
2026-08-30 19:03:13 +07:00:  ✓ Starting...
2026-08-30 19:03:13 +07:00:    - Local:        http://localhost:3000
2026-08-30 19:03:13 +07:00:    - Network:      http://192.168.1.16:3000
2026-08-30 19:03:13 +07:00: 
2026-08-30 19:03:13 +07:00:  ✓ Starting...
2026-08-30 19:06:08 +07:00:    ▲ Next.js 15.5.22
2026-08-30 19:06:08 +07:00:    ▲ Next.js 15.5.22
2026-08-30 19:06:08 +07:00:    - Local:        http://localhost:3000
2026-08-30 19:06:08 +07:00:    - Network:      http://192.168.1.16:3000
2026-08-30 19:06:08 +07:00: 
2026-08-30 19:06:08 +07:00:  ✓ Starting...
2026-08-30 19:06:08 +07:00:    - Local:        http://localhost:3000
2026-08-30 19:06:08 +07:00:    - Network:      http://192.168.1.16:3000
2026-08-30 19:06:08 +07:00: 
2026-08-30 19:06:08 +07:00:  ✓ Starting...
2026-08-30 19:06:09 +07:00:    ▲ Next.js 15.5.22
2026-08-30 19:06:09 +07:00:    ▲ Next.js 15.5.22
2026-08-30 19:06:09 +07:00:    - Local:        http://localhost:3000
2026-08-30 19:06:09 +07:00:    - Network:      http://192.168.1.16:3000
2026-08-30 19:06:09 +07:00: 
2026-08-30 19:06:09 +07:00:  ✓ Starting...
2026-08-30 19:06:09 +07:00:    - Local:        http://localhost:3000
2026-08-30 19:06:09 +07:00:    - Network:      http://192.168.1.16:3000
2026-08-30 19:06:09 +07:00: 
2026-08-30 19:06:09 +07:00:  ✓ Starting...
2026-08-30 19:06:09 +07:00:    ▲ Next.js 15.5.22
2026-08-30 19:06:09 +07:00:    ▲ Next.js 15.5.22
2026-08-30 19:06:09 +07:00:    - Local:        http://localhost:3000
2026-08-30 19:06:09 +07:00:    - Network:      http://192.168.1.16:3000
2026-08-30 19:06:09 +07:00: 
2026-08-30 19:06:09 +07:00:  ✓ Starting...
2026-08-30 19:06:09 +07:00:    - Local:        http://localhost:3000
2026-08-30 19:06:09 +07:00:    - Network:      http://192.168.1.16:3000
2026-08-30 19:06:09 +07:00: 
2026-08-30 19:06:09 +07:00:  ✓ Starting...
2026-08-30 19:06:10 +07:00:    ▲ Next.js 15.5.22
2026-08-30 19:06:10 +07:00:    ▲ Next.js 15.5.22
2026-08-30 19:06:10 +07:00:    - Local:        http://localhost:3000
2026-08-30 19:06:10 +07:00:    - Network:      http://192.168.1.16:3000
2026-08-30 19:06:10 +07:00: 
2026-08-30 19:06:10 +07:00:  ✓ Starting...
2026-08-30 19:06:10 +07:00:    - Local:        http://localhost:3000
2026-08-30 19:06:10 +07:00:    - Network:      http://192.168.1.16:3000
2026-08-30 19:06:10 +07:00: 
2026-08-30 19:06:10 +07:00:  ✓ Starting...
2026-08-30 19:06:11 +07:00:    ▲ Next.js 15.5.22
2026-08-30 19:06:11 +07:00:    ▲ Next.js 15.5.22
2026-08-30 19:06:11 +07:00:    - Local:        http://localhost:3000
2026-08-30 19:06:11 +07:00:    - Network:      http://192.168.1.16:3000
2026-08-30 19:06:11 +07:00: 
2026-08-30 19:06:11 +07:00:  ✓ Starting...
2026-08-30 19:06:11 +07:00:    - Local:        http://localhost:3000
2026-08-30 19:06:11 +07:00:    - Network:      http://192.168.1.16:3000
2026-08-30 19:06:11 +07:00: 
2026-08-30 19:06:11 +07:00:  ✓ Starting...
2026-08-30 19:06:12 +07:00:    ▲ Next.js 15.5.22
2026-08-30 19:06:12 +07:00:    ▲ Next.js 15.5.22
2026-08-30 19:06:12 +07:00:    - Local:        http://localhost:3000
2026-08-30 19:06:12 +07:00:    - Network:      http://192.168.1.16:3000
2026-08-30 19:06:12 +07:00: 
2026-08-30 19:06:12 +07:00:  ✓ Starting...
2026-08-30 19:06:12 +07:00:    - Local:        http://localhost:3000
2026-08-30 19:06:12 +07:00:    - Network:      http://192.168.1.16:3000
2026-08-30 19:06:12 +07:00: 
2026-08-30 19:06:12 +07:00:  ✓ Starting...
2026-08-30 19:06:12 +07:00:    ▲ Next.js 15.5.22
2026-08-30 19:06:12 +07:00:    ▲ Next.js 15.5.22
2026-08-30 19:06:12 +07:00:    - Local:        http://localhost:3000
2026-08-30 19:06:12 +07:00:    - Network:      http://192.168.1.16:3000
2026-08-30 19:06:12 +07:00: 
2026-08-30 19:06:12 +07:00:  ✓ Starting...
2026-08-30 19:06:12 +07:00:    - Local:        http://localhost:3000
2026-08-30 19:06:12 +07:00:    - Network:      http://192.168.1.16:3000
2026-08-30 19:06:12 +07:00: 
2026-08-30 19:06:12 +07:00:  ✓ Starting...
2026-08-30 19:06:13 +07:00:    ▲ Next.js 15.5.22
2026-08-30 19:06:13 +07:00:    ▲ Next.js 15.5.22
2026-08-30 19:06:13 +07:00:    - Local:        http://localhost:3000
2026-08-30 19:06:13 +07:00:    - Network:      http://192.168.1.16:3000
2026-08-30 19:06:13 +07:00: 
2026-08-30 19:06:13 +07:00:  ✓ Starting...
2026-08-30 19:06:13 +07:00:    - Local:        http://localhost:3000
2026-08-30 19:06:13 +07:00:    - Network:      http://192.168.1.16:3000
2026-08-30 19:06:13 +07:00: 
2026-08-30 19:06:13 +07:00:  ✓ Starting...
2026-08-30 19:06:14 +07:00:    ▲ Next.js 15.5.22
2026-08-30 19:06:14 +07:00:    ▲ Next.js 15.5.22
2026-08-30 19:06:14 +07:00:    - Local:        http://localhost:3000
2026-08-30 19:06:14 +07:00:    - Network:      http://192.168.1.16:3000
2026-08-30 19:06:14 +07:00: 
2026-08-30 19:06:14 +07:00:  ✓ Starting...
2026-08-30 19:06:14 +07:00:    - Local:        http://localhost:3000
2026-08-30 19:06:14 +07:00:    - Network:      http://192.168.1.16:3000
2026-08-30 19:06:14 +07:00: 
2026-08-30 19:06:14 +07:00:  ✓ Starting...
2026-08-30 19:06:15 +07:00:    ▲ Next.js 15.5.22
2026-08-30 19:06:15 +07:00:    ▲ Next.js 15.5.22
2026-08-30 19:06:15 +07:00:    - Local:        http://localhost:3000
2026-08-30 19:06:15 +07:00:    - Network:      http://192.168.1.16:3000
2026-08-30 19:06:15 +07:00: 
2026-08-30 19:06:15 +07:00:  ✓ Starting...
2026-08-30 19:06:15 +07:00:    - Local:        http://localhost:3000
2026-08-30 19:06:15 +07:00:    - Network:      http://192.168.1.16:3000
2026-08-30 19:06:15 +07:00: 
2026-08-30 19:06:15 +07:00:  ✓ Starting...
2026-08-30 19:06:15 +07:00:    ▲ Next.js 15.5.22
2026-08-30 19:06:15 +07:00:    ▲ Next.js 15.5.22
2026-08-30 19:06:15 +07:00:    - Local:        http://localhost:3000
2026-08-30 19:06:15 +07:00:    - Network:      http://192.168.1.16:3000
2026-08-30 19:06:15 +07:00: 
2026-08-30 19:06:15 +07:00:  ✓ Starting...
2026-08-30 19:06:15 +07:00:    - Local:        http://localhost:3000
2026-08-30 19:06:15 +07:00:    - Network:      http://192.168.1.16:3000
2026-08-30 19:06:15 +07:00: 
2026-08-30 19:06:15 +07:00:  ✓ Starting...
2026-08-30 19:06:16 +07:00:    ▲ Next.js 15.5.22
2026-08-30 19:06:16 +07:00:    ▲ Next.js 15.5.22
2026-08-30 19:06:16 +07:00:    - Local:        http://localhost:3000
2026-08-30 19:06:16 +07:00:    - Network:      http://192.168.1.16:3000
2026-08-30 19:06:16 +07:00: 
2026-08-30 19:06:16 +07:00:  ✓ Starting...
2026-08-30 19:06:16 +07:00:    - Local:        http://localhost:3000
2026-08-30 19:06:16 +07:00:    - Network:      http://192.168.1.16:3000
2026-08-30 19:06:16 +07:00: 
2026-08-30 19:06:16 +07:00:  ✓ Starting...
2026-08-30 19:06:17 +07:00:    ▲ Next.js 15.5.22
2026-08-30 19:06:17 +07:00:    ▲ Next.js 15.5.22
2026-08-30 19:06:17 +07:00:    - Local:        http://localhost:3000
2026-08-30 19:06:17 +07:00:    - Network:      http://192.168.1.16:3000
2026-08-30 19:06:17 +07:00: 
2026-08-30 19:06:17 +07:00:  ✓ Starting...
2026-08-30 19:06:17 +07:00:    - Local:        http://localhost:3000
2026-08-30 19:06:17 +07:00:    - Network:      http://192.168.1.16:3000
2026-08-30 19:06:17 +07:00: 
2026-08-30 19:06:17 +07:00:  ✓ Starting...
2026-08-30 19:06:18 +07:00:    ▲ Next.js 15.5.22
2026-08-30 19:06:18 +07:00:    ▲ Next.js 15.5.22
2026-08-30 19:06:18 +07:00:    - Local:        http://localhost:3000
2026-08-30 19:06:18 +07:00:    - Network:      http://192.168.1.16:3000
2026-08-30 19:06:18 +07:00: 
2026-08-30 19:06:18 +07:00:  ✓ Starting...
2026-08-30 19:06:18 +07:00:    - Local:        http://localhost:3000
2026-08-30 19:06:18 +07:00:    - Network:      http://192.168.1.16:3000
2026-08-30 19:06:18 +07:00: 
2026-08-30 19:06:18 +07:00:  ✓ Starting...
2026-08-30 19:06:18 +07:00:    ▲ Next.js 15.5.22
2026-08-30 19:06:18 +07:00:    ▲ Next.js 15.5.22
2026-08-30 19:06:18 +07:00:    - Local:        http://localhost:3000
2026-08-30 19:06:18 +07:00:    - Network:      http://192.168.1.16:3000
2026-08-30 19:06:18 +07:00: 
2026-08-30 19:06:18 +07:00:  ✓ Starting...
2026-08-30 19:06:18 +07:00:    - Local:        http://localhost:3000
2026-08-30 19:06:18 +07:00:    - Network:      http://192.168.1.16:3000
2026-08-30 19:06:18 +07:00: 
2026-08-30 19:06:18 +07:00:  ✓ Starting...
2026-08-30 19:06:19 +07:00:    ▲ Next.js 15.5.22
2026-08-30 19:06:19 +07:00:    ▲ Next.js 15.5.22
2026-08-30 19:06:19 +07:00:    - Local:        http://localhost:3000
2026-08-30 19:06:19 +07:00:    - Network:      http://192.168.1.16:3000
2026-08-30 19:06:19 +07:00: 
2026-08-30 19:06:19 +07:00:  ✓ Starting...
2026-08-30 19:06:19 +07:00:    - Local:        http://localhost:3000
2026-08-30 19:06:19 +07:00:    - Network:      http://192.168.1.16:3000
2026-08-30 19:06:19 +07:00: 
2026-08-30 19:06:19 +07:00:  ✓ Starting...
2026-08-30 19:07:14 +07:00:    ▲ Next.js 15.5.22
2026-08-30 19:07:14 +07:00:    - Local:        http://localhost:3000
2026-08-30 19:07:14 +07:00:    - Network:      http://192.168.1.16:3000
2026-08-30 19:07:14 +07:00: 
2026-08-30 19:07:14 +07:00:  ✓ Starting...
2026-08-30 19:07:15 +07:00:    ▲ Next.js 15.5.22
2026-08-30 19:07:15 +07:00:    - Local:        http://localhost:3000
2026-08-30 19:07:15 +07:00:    - Network:      http://192.168.1.16:3000
2026-08-30 19:07:15 +07:00: 
2026-08-30 19:07:15 +07:00:  ✓ Starting...
2026-08-30 19:07:15 +07:00:    ▲ Next.js 15.5.22
2026-08-30 19:07:15 +07:00:    - Local:        http://localhost:3000
2026-08-30 19:07:15 +07:00:    - Network:      http://192.168.1.16:3000
2026-08-30 19:07:15 +07:00: 
2026-08-30 19:07:15 +07:00:  ✓ Starting...
2026-08-30 19:07:16 +07:00:    ▲ Next.js 15.5.22
2026-08-30 19:07:16 +07:00:    - Local:        http://localhost:3000
2026-08-30 19:07:16 +07:00:    - Network:      http://192.168.1.16:3000
2026-08-30 19:07:16 +07:00: 
2026-08-30 19:07:16 +07:00:  ✓ Starting...
2026-08-30 19:07:17 +07:00:    ▲ Next.js 15.5.22
2026-08-30 19:07:17 +07:00:    - Local:        http://localhost:3000
2026-08-30 19:07:17 +07:00:    - Network:      http://192.168.1.16:3000
2026-08-30 19:07:17 +07:00: 
2026-08-30 19:07:17 +07:00:  ✓ Starting...
2026-08-30 19:07:18 +07:00:    ▲ Next.js 15.5.22
2026-08-30 19:07:18 +07:00:    - Local:        http://localhost:3000
2026-08-30 19:07:18 +07:00:    - Network:      http://192.168.1.16:3000
2026-08-30 19:07:18 +07:00: 
2026-08-30 19:07:18 +07:00:  ✓ Starting...
2026-08-30 19:07:18 +07:00:    ▲ Next.js 15.5.22
2026-08-30 19:07:18 +07:00:    - Local:        http://localhost:3000
2026-08-30 19:07:18 +07:00:    - Network:      http://192.168.1.16:3000
2026-08-30 19:07:18 +07:00: 
2026-08-30 19:07:18 +07:00:  ✓ Starting...
2026-08-30 19:07:19 +07:00:    ▲ Next.js 15.5.22
2026-08-30 19:07:19 +07:00:    - Local:        http://localhost:3000
2026-08-30 19:07:19 +07:00:    - Network:      http://192.168.1.16:3000
2026-08-30 19:07:19 +07:00: 
2026-08-30 19:07:19 +07:00:  ✓ Starting...
2026-08-30 19:07:20 +07:00:    ▲ Next.js 15.5.22
2026-08-30 19:07:20 +07:00:    - Local:        http://localhost:3000
2026-08-30 19:07:20 +07:00:    - Network:      http://192.168.1.16:3000
2026-08-30 19:07:20 +07:00: 
2026-08-30 19:07:20 +07:00:  ✓ Starting...
2026-08-30 19:07:21 +07:00:    ▲ Next.js 15.5.22
2026-08-30 19:07:21 +07:00:    - Local:        http://localhost:3000
2026-08-30 19:07:21 +07:00:    - Network:      http://192.168.1.16:3000
2026-08-30 19:07:21 +07:00: 
2026-08-30 19:07:21 +07:00:  ✓ Starting...
2026-08-30 19:07:21 +07:00:    ▲ Next.js 15.5.22
2026-08-30 19:07:21 +07:00:    - Local:        http://localhost:3000
2026-08-30 19:07:21 +07:00:    - Network:      http://192.168.1.16:3000
2026-08-30 19:07:21 +07:00: 
2026-08-30 19:07:21 +07:00:  ✓ Starting...
2026-08-30 19:07:22 +07:00:    ▲ Next.js 15.5.22
2026-08-30 19:07:22 +07:00:    - Local:        http://localhost:3000
2026-08-30 19:07:22 +07:00:    - Network:      http://192.168.1.16:3000
2026-08-30 19:07:22 +07:00: 
2026-08-30 19:07:22 +07:00:  ✓ Starting...
2026-08-30 19:07:23 +07:00:    ▲ Next.js 15.5.22
2026-08-30 19:07:23 +07:00:    - Local:        http://localhost:3000
2026-08-30 19:07:23 +07:00:    - Network:      http://192.168.1.16:3000
2026-08-30 19:07:23 +07:00: 
2026-08-30 19:07:23 +07:00:  ✓ Starting...
2026-08-30 19:07:24 +07:00:    ▲ Next.js 15.5.22
2026-08-30 19:07:24 +07:00:    - Local:        http://localhost:3000
2026-08-30 19:07:24 +07:00:    - Network:      http://192.168.1.16:3000
2026-08-30 19:07:24 +07:00: 
2026-08-30 19:07:24 +07:00:  ✓ Starting...
2026-08-30 19:07:24 +07:00:    ▲ Next.js 15.5.22
2026-08-30 19:07:24 +07:00:    - Local:        http://localhost:3000
2026-08-30 19:07:24 +07:00:    - Network:      http://192.168.1.16:3000
2026-08-30 19:07:24 +07:00: 
2026-08-30 19:07:24 +07:00:  ✓ Starting...
2026-08-30 19:07:25 +07:00:    ▲ Next.js 15.5.22
2026-08-30 19:07:25 +07:00:    - Local:        http://localhost:3000
2026-08-30 19:07:25 +07:00:    - Network:      http://192.168.1.16:3000
2026-08-30 19:07:25 +07:00: 
2026-08-30 19:07:25 +07:00:  ✓ Starting...
2026-08-30 19:09:13 +07:00:    ▲ Next.js 15.5.22
2026-08-30 19:09:13 +07:00:    - Local:        http://localhost:3000
2026-08-30 19:09:13 +07:00:    - Network:      http://192.168.1.16:3000
2026-08-30 19:09:13 +07:00: 
2026-08-30 19:09:13 +07:00:  ✓ Starting...
2026-08-30 19:09:13 +07:00:  ✓ Ready in 567ms
2026-08-31 08:25:38 +07:00:    ▲ Next.js 15.5.22
2026-08-31 08:25:38 +07:00:    - Local:        http://localhost:3000
2026-08-31 08:25:38 +07:00:    - Network:      http://10.175.209.244:3000
2026-08-31 08:25:38 +07:00: 
2026-08-31 08:25:38 +07:00:  ✓ Starting...
2026-08-31 08:25:39 +07:00:  ✓ Ready in 697ms
2026-08-31 08:25:53 +07:00:    ▲ Next.js 15.5.22
2026-08-31 08:25:53 +07:00:    - Local:        http://localhost:3000
2026-08-31 08:25:53 +07:00:    - Network:      http://10.175.209.244:3000
2026-08-31 08:25:53 +07:00: 
2026-08-31 08:25:53 +07:00:  ✓ Starting...
2026-08-31 08:25:53 +07:00:  ✓ Ready in 537ms
2026-08-31 08:35:48 +07:00:    ▲ Next.js 15.5.22
2026-08-31 08:35:48 +07:00:    - Local:        http://localhost:3000
2026-08-31 08:35:48 +07:00:    - Network:      http://10.175.209.244:3000
2026-08-31 08:35:48 +07:00: 
2026-08-31 08:35:48 +07:00:  ✓ Starting...
2026-08-31 08:35:48 +07:00:    ▲ Next.js 15.5.22
2026-08-31 08:35:48 +07:00:    - Local:        http://localhost:3000
2026-08-31 08:35:48 +07:00:    - Network:      http://10.175.209.244:3000
2026-08-31 08:35:48 +07:00: 
2026-08-31 08:35:48 +07:00:  ✓ Starting...
2026-08-31 08:35:49 +07:00:    ▲ Next.js 15.5.22
2026-08-31 08:35:49 +07:00:    - Local:        http://localhost:3000
2026-08-31 08:35:49 +07:00:    - Network:      http://10.175.209.244:3000
2026-08-31 08:35:49 +07:00: 
2026-08-31 08:35:49 +07:00:  ✓ Starting...
2026-08-31 08:35:50 +07:00:    ▲ Next.js 15.5.22
2026-08-31 08:35:50 +07:00:    - Local:        http://localhost:3000
2026-08-31 08:35:50 +07:00:    - Network:      http://10.175.209.244:3000
2026-08-31 08:35:50 +07:00: 
2026-08-31 08:35:50 +07:00:  ✓ Starting...
2026-08-31 08:35:51 +07:00:    ▲ Next.js 15.5.22
2026-08-31 08:35:51 +07:00:    - Local:        http://localhost:3000
2026-08-31 08:35:51 +07:00:    - Network:      http://10.175.209.244:3000
2026-08-31 08:35:51 +07:00: 
2026-08-31 08:35:51 +07:00:  ✓ Starting...
2026-08-31 08:35:51 +07:00:    ▲ Next.js 15.5.22
2026-08-31 08:35:51 +07:00:    - Local:        http://localhost:3000
2026-08-31 08:35:51 +07:00:    - Network:      http://10.175.209.244:3000
2026-08-31 08:35:51 +07:00: 
2026-08-31 08:35:51 +07:00:  ✓ Starting...
2026-08-31 08:35:52 +07:00:    ▲ Next.js 15.5.22
2026-08-31 08:35:52 +07:00:    - Local:        http://localhost:3000
2026-08-31 08:35:52 +07:00:    - Network:      http://10.175.209.244:3000
2026-08-31 08:35:52 +07:00: 
2026-08-31 08:35:52 +07:00:  ✓ Starting...
2026-08-31 08:35:53 +07:00:    ▲ Next.js 15.5.22
2026-08-31 08:35:53 +07:00:    - Local:        http://localhost:3000
2026-08-31 08:35:53 +07:00:    - Network:      http://10.175.209.244:3000
2026-08-31 08:35:53 +07:00: 
2026-08-31 08:35:53 +07:00:  ✓ Starting...
2026-08-31 08:35:54 +07:00:    ▲ Next.js 15.5.22
2026-08-31 08:35:54 +07:00:    - Local:        http://localhost:3000
2026-08-31 08:35:54 +07:00:    - Network:      http://10.175.209.244:3000
2026-08-31 08:35:54 +07:00: 
2026-08-31 08:35:54 +07:00:  ✓ Starting...
2026-08-31 08:35:54 +07:00:    ▲ Next.js 15.5.22
2026-08-31 08:35:54 +07:00:    - Local:        http://localhost:3000
2026-08-31 08:35:54 +07:00:    - Network:      http://10.175.209.244:3000
2026-08-31 08:35:54 +07:00: 
2026-08-31 08:35:54 +07:00:  ✓ Starting...
2026-08-31 08:35:55 +07:00:    ▲ Next.js 15.5.22
2026-08-31 08:35:55 +07:00:    - Local:        http://localhost:3000
2026-08-31 08:35:55 +07:00:    - Network:      http://10.175.209.244:3000
2026-08-31 08:35:55 +07:00: 
2026-08-31 08:35:55 +07:00:  ✓ Starting...
2026-08-31 08:35:56 +07:00:    ▲ Next.js 15.5.22
2026-08-31 08:35:56 +07:00:    - Local:        http://localhost:3000
2026-08-31 08:35:56 +07:00:    - Network:      http://10.175.209.244:3000
2026-08-31 08:35:56 +07:00: 
2026-08-31 08:35:56 +07:00:  ✓ Starting...
2026-08-31 08:35:57 +07:00:    ▲ Next.js 15.5.22
2026-08-31 08:35:57 +07:00:    - Local:        http://localhost:3000
2026-08-31 08:35:57 +07:00:    - Network:      http://10.175.209.244:3000
2026-08-31 08:35:57 +07:00: 
2026-08-31 08:35:57 +07:00:  ✓ Starting...
2026-08-31 08:35:57 +07:00:    ▲ Next.js 15.5.22
2026-08-31 08:35:57 +07:00:    - Local:        http://localhost:3000
2026-08-31 08:35:57 +07:00:    - Network:      http://10.175.209.244:3000
2026-08-31 08:35:57 +07:00: 
2026-08-31 08:35:57 +07:00:  ✓ Starting...
2026-08-31 08:35:58 +07:00:    ▲ Next.js 15.5.22
2026-08-31 08:35:58 +07:00:    - Local:        http://localhost:3000
2026-08-31 08:35:58 +07:00:    - Network:      http://10.175.209.244:3000
2026-08-31 08:35:58 +07:00: 
2026-08-31 08:35:58 +07:00:  ✓ Starting...
2026-08-31 08:35:59 +07:00:    ▲ Next.js 15.5.22
2026-08-31 08:35:59 +07:00:    - Local:        http://localhost:3000
2026-08-31 08:35:59 +07:00:    - Network:      http://10.175.209.244:3000
2026-08-31 08:35:59 +07:00: 
2026-08-31 08:35:59 +07:00:  ✓ Starting...
2026-08-31 08:36:00 +07:00:    ▲ Next.js 15.5.22
2026-08-31 08:36:00 +07:00:    - Local:        http://localhost:3000
2026-08-31 08:36:00 +07:00:    - Network:      http://10.175.209.244:3000
2026-08-31 08:36:00 +07:00: 
2026-08-31 08:36:00 +07:00:  ✓ Starting...
2026-08-31 08:36:00 +07:00:    ▲ Next.js 15.5.22
2026-08-31 08:36:00 +07:00:    - Local:        http://localhost:3000
2026-08-31 08:36:00 +07:00:    - Network:      http://10.175.209.244:3000
2026-08-31 08:36:00 +07:00: 
2026-08-31 08:36:00 +07:00:  ✓ Starting...
2026-08-31 08:36:01 +07:00:    ▲ Next.js 15.5.22
2026-08-31 08:36:01 +07:00:    - Local:        http://localhost:3000
2026-08-31 08:36:01 +07:00:    - Network:      http://10.175.209.244:3000
2026-08-31 08:36:01 +07:00: 
2026-08-31 08:36:01 +07:00:  ✓ Starting...
2026-08-31 08:36:02 +07:00:    ▲ Next.js 15.5.22
2026-08-31 08:36:02 +07:00:    - Local:        http://localhost:3000
2026-08-31 08:36:02 +07:00:    - Network:      http://10.175.209.244:3000
2026-08-31 08:36:02 +07:00: 
2026-08-31 08:36:02 +07:00:  ✓ Starting...
2026-08-31 08:36:02 +07:00:    ▲ Next.js 15.5.22
2026-08-31 08:36:02 +07:00:    - Local:        http://localhost:3000
2026-08-31 08:36:02 +07:00:    - Network:      http://10.175.209.244:3000
2026-08-31 08:36:02 +07:00: 
2026-08-31 08:36:02 +07:00:  ✓ Starting...
2026-08-31 08:36:03 +07:00:    ▲ Next.js 15.5.22
2026-08-31 08:36:03 +07:00:    - Local:        http://localhost:3000
2026-08-31 08:36:03 +07:00:    - Network:      http://10.175.209.244:3000
2026-08-31 08:36:03 +07:00: 
2026-08-31 08:36:03 +07:00:  ✓ Starting...
2026-08-31 08:36:04 +07:00:    ▲ Next.js 15.5.22
2026-08-31 08:36:04 +07:00:    - Local:        http://localhost:3000
2026-08-31 08:36:04 +07:00:    - Network:      http://10.175.209.244:3000
2026-08-31 08:36:04 +07:00: 
2026-08-31 08:36:04 +07:00:  ✓ Starting...
2026-08-31 08:36:05 +07:00:    ▲ Next.js 15.5.22
2026-08-31 08:36:05 +07:00:    - Local:        http://localhost:3000
2026-08-31 08:36:05 +07:00:    - Network:      http://10.175.209.244:3000
2026-08-31 08:36:05 +07:00: 
2026-08-31 08:36:05 +07:00:  ✓ Starting...
2026-08-31 08:36:05 +07:00:    ▲ Next.js 15.5.22
2026-08-31 08:36:05 +07:00:    - Local:        http://localhost:3000
2026-08-31 08:36:05 +07:00:    - Network:      http://10.175.209.244:3000
2026-08-31 08:36:05 +07:00: 
2026-08-31 08:36:05 +07:00:  ✓ Starting...
2026-08-31 08:36:06 +07:00:    ▲ Next.js 15.5.22
2026-08-31 08:36:06 +07:00:    - Local:        http://localhost:3000
2026-08-31 08:36:06 +07:00:    - Network:      http://10.175.209.244:3000
2026-08-31 08:36:06 +07:00: 
2026-08-31 08:36:06 +07:00:  ✓ Starting...
2026-08-31 08:36:07 +07:00:    ▲ Next.js 15.5.22
2026-08-31 08:36:07 +07:00:    - Local:        http://localhost:3000
2026-08-31 08:36:07 +07:00:    - Network:      http://10.175.209.244:3000
2026-08-31 08:36:07 +07:00: 
2026-08-31 08:36:07 +07:00:  ✓ Starting...
2026-08-31 08:36:08 +07:00:    ▲ Next.js 15.5.22
2026-08-31 08:36:08 +07:00:    - Local:        http://localhost:3000
2026-08-31 08:36:08 +07:00:    - Network:      http://10.175.209.244:3000
2026-08-31 08:36:08 +07:00: 
2026-08-31 08:36:08 +07:00:  ✓ Starting...
2026-08-31 09:14:15 +07:00:    ▲ Next.js 15.5.22
2026-08-31 09:14:15 +07:00:    - Local:        http://localhost:3000
2026-08-31 09:14:15 +07:00:    - Network:      http://10.175.209.244:3000
2026-08-31 09:14:15 +07:00: 
2026-08-31 09:14:15 +07:00:  ✓ Starting...
2026-08-31 09:14:16 +07:00:    ▲ Next.js 15.5.22
2026-08-31 09:14:16 +07:00:    - Local:        http://localhost:3000
2026-08-31 09:14:16 +07:00:    - Network:      http://10.175.209.244:3000
2026-08-31 09:14:16 +07:00: 
2026-08-31 09:14:16 +07:00:  ✓ Starting...
2026-08-31 09:14:17 +07:00:    ▲ Next.js 15.5.22
2026-08-31 09:14:17 +07:00:    - Local:        http://localhost:3000
2026-08-31 09:14:17 +07:00:    - Network:      http://10.175.209.244:3000
2026-08-31 09:14:17 +07:00: 
2026-08-31 09:14:17 +07:00:  ✓ Starting...
2026-08-31 09:14:17 +07:00:    ▲ Next.js 15.5.22
2026-08-31 09:14:17 +07:00:    - Local:        http://localhost:3000
2026-08-31 09:14:17 +07:00:    - Network:      http://10.175.209.244:3000
2026-08-31 09:14:17 +07:00: 
2026-08-31 09:14:17 +07:00:  ✓ Starting...
2026-08-31 09:14:18 +07:00:    ▲ Next.js 15.5.22
2026-08-31 09:14:18 +07:00:    - Local:        http://localhost:3000
2026-08-31 09:14:18 +07:00:    - Network:      http://10.175.209.244:3000
2026-08-31 09:14:18 +07:00: 
2026-08-31 09:14:18 +07:00:  ✓ Starting...
2026-08-31 09:14:19 +07:00:    ▲ Next.js 15.5.22
2026-08-31 09:14:19 +07:00:    - Local:        http://localhost:3000
2026-08-31 09:14:19 +07:00:    - Network:      http://10.175.209.244:3000
2026-08-31 09:14:19 +07:00: 
2026-08-31 09:14:19 +07:00:  ✓ Starting...
2026-08-31 09:14:19 +07:00:    ▲ Next.js 15.5.22
2026-08-31 09:14:19 +07:00:    - Local:        http://localhost:3000
2026-08-31 09:14:19 +07:00:    - Network:      http://10.175.209.244:3000
2026-08-31 09:14:19 +07:00: 
2026-08-31 09:14:19 +07:00:  ✓ Starting...
2026-08-31 09:14:20 +07:00:    ▲ Next.js 15.5.22
2026-08-31 09:14:20 +07:00:    - Local:        http://localhost:3000
2026-08-31 09:14:20 +07:00:    - Network:      http://10.175.209.244:3000
2026-08-31 09:14:20 +07:00: 
2026-08-31 09:14:20 +07:00:  ✓ Starting...
2026-08-31 09:14:21 +07:00:    ▲ Next.js 15.5.22
2026-08-31 09:14:21 +07:00:    - Local:        http://localhost:3000
2026-08-31 09:14:21 +07:00:    - Network:      http://10.175.209.244:3000
2026-08-31 09:14:21 +07:00: 
2026-08-31 09:14:21 +07:00:  ✓ Starting...
2026-08-31 09:14:22 +07:00:    ▲ Next.js 15.5.22
2026-08-31 09:14:22 +07:00:    - Local:        http://localhost:3000
2026-08-31 09:14:22 +07:00:    - Network:      http://10.175.209.244:3000
2026-08-31 09:14:22 +07:00: 
2026-08-31 09:14:22 +07:00:  ✓ Starting...
2026-08-31 09:14:23 +07:00:    ▲ Next.js 15.5.22
2026-08-31 09:14:23 +07:00:    - Local:        http://localhost:3000
2026-08-31 09:14:23 +07:00:    - Network:      http://10.175.209.244:3000
2026-08-31 09:14:23 +07:00: 
2026-08-31 09:14:23 +07:00:  ✓ Starting...
2026-08-31 09:14:23 +07:00:    ▲ Next.js 15.5.22
2026-08-31 09:14:23 +07:00:    - Local:        http://localhost:3000
2026-08-31 09:14:23 +07:00:    - Network:      http://10.175.209.244:3000
2026-08-31 09:14:23 +07:00: 
2026-08-31 09:14:23 +07:00:  ✓ Starting...
2026-08-31 09:14:24 +07:00:    ▲ Next.js 15.5.22
2026-08-31 09:14:24 +07:00:    - Local:        http://localhost:3000
2026-08-31 09:14:24 +07:00:    - Network:      http://10.175.209.244:3000
2026-08-31 09:14:24 +07:00: 
2026-08-31 09:14:24 +07:00:  ✓ Starting...
2026-08-31 09:14:25 +07:00:    ▲ Next.js 15.5.22
2026-08-31 09:14:25 +07:00:    - Local:        http://localhost:3000
2026-08-31 09:14:25 +07:00:    - Network:      http://10.175.209.244:3000
2026-08-31 09:14:25 +07:00: 
2026-08-31 09:14:25 +07:00:  ✓ Starting...
2026-08-31 09:14:26 +07:00:    ▲ Next.js 15.5.22
2026-08-31 09:14:26 +07:00:    - Local:        http://localhost:3000
2026-08-31 09:14:26 +07:00:    - Network:      http://10.175.209.244:3000
2026-08-31 09:14:26 +07:00: 
2026-08-31 09:14:26 +07:00:  ✓ Starting...
2026-08-31 09:14:26 +07:00:    ▲ Next.js 15.5.22
2026-08-31 09:14:26 +07:00:    - Local:        http://localhost:3000
2026-08-31 09:14:26 +07:00:    - Network:      http://10.175.209.244:3000
2026-08-31 09:14:26 +07:00: 
2026-08-31 09:14:26 +07:00:  ✓ Starting...
2026-08-31 09:15:45 +07:00:    ▲ Next.js 15.5.22
2026-08-31 09:15:45 +07:00:    - Local:        http://localhost:3000
2026-08-31 09:15:45 +07:00:    - Network:      http://10.175.209.244:3000
2026-08-31 09:15:45 +07:00: 
2026-08-31 09:15:45 +07:00:  ✓ Starting...
2026-08-31 09:15:45 +07:00:  ✓ Ready in 530ms
2026-08-31 10:26:27 +07:00:    ▲ Next.js 15.5.22
2026-08-31 10:26:27 +07:00:    - Local:        http://localhost:3000
2026-08-31 10:26:27 +07:00:    - Network:      http://10.175.209.244:3000
2026-08-31 10:26:27 +07:00: 
2026-08-31 10:26:27 +07:00:  ✓ Starting...
2026-08-31 10:26:27 +07:00:  ✓ Ready in 548ms
2026-08-31 10:32:43 +07:00:    ▲ Next.js 15.5.22
2026-08-31 10:32:43 +07:00:    - Local:        http://localhost:3000
2026-08-31 10:32:43 +07:00:    - Network:      http://10.175.209.244:3000
2026-08-31 10:32:43 +07:00: 
2026-08-31 10:32:43 +07:00:  ✓ Starting...
2026-08-31 10:32:44 +07:00:  ✓ Ready in 588ms
2026-08-31 10:41:20 +07:00:    ▲ Next.js 15.5.22
2026-08-31 10:41:20 +07:00:    - Local:        http://localhost:3000
2026-08-31 10:41:20 +07:00:    - Network:      http://10.175.209.244:3000
2026-08-31 10:41:20 +07:00: 
2026-08-31 10:41:20 +07:00:  ✓ Starting...
2026-08-31 10:41:20 +07:00:  ✓ Ready in 577ms
2026-08-31 10:49:08 +07:00:    ▲ Next.js 15.5.22
2026-08-31 10:49:08 +07:00:    - Local:        http://localhost:3000
2026-08-31 10:49:08 +07:00:    - Network:      http://10.175.209.244:3000
2026-08-31 10:49:08 +07:00: 
2026-08-31 10:49:08 +07:00:  ✓ Starting...
2026-08-31 10:49:09 +07:00:  ✓ Ready in 615ms
2026-08-31 10:57:42 +07:00:    ▲ Next.js 15.5.22
2026-08-31 10:57:42 +07:00:    - Local:        http://localhost:3000
2026-08-31 10:57:42 +07:00:    - Network:      http://10.175.209.244:3000
2026-08-31 10:57:42 +07:00: 
2026-08-31 10:57:42 +07:00:  ✓ Starting...
2026-08-31 10:57:43 +07:00:  ✓ Ready in 534ms
2026-08-31 11:06:51 +07:00:    ▲ Next.js 15.5.22
2026-08-31 11:06:51 +07:00:    - Local:        http://localhost:3000
2026-08-31 11:06:51 +07:00:    - Network:      http://10.175.209.244:3000
2026-08-31 11:06:51 +07:00: 
2026-08-31 11:06:51 +07:00:  ✓ Starting...
2026-08-31 11:06:52 +07:00:  ✓ Ready in 508ms
2026-08-31 11:09:42 +07:00:    ▲ Next.js 15.5.22
2026-08-31 11:09:42 +07:00:    - Local:        http://localhost:3000
2026-08-31 11:09:42 +07:00:    - Network:      http://10.175.209.244:3000
2026-08-31 11:09:42 +07:00: 
2026-08-31 11:09:42 +07:00:  ✓ Starting...
2026-08-31 11:09:42 +07:00:  ✓ Ready in 549ms
2026-08-31 11:13:17 +07:00:    ▲ Next.js 15.5.22
2026-08-31 11:13:17 +07:00:    - Local:        http://localhost:3000
2026-08-31 11:13:17 +07:00:    - Network:      http://10.175.209.244:3000
2026-08-31 11:13:17 +07:00: 
2026-08-31 11:13:17 +07:00:  ✓ Starting...
2026-08-31 11:13:18 +07:00:  ✓ Ready in 547ms
2026-08-31 11:15:11 +07:00:    ▲ Next.js 15.5.22
2026-08-31 11:15:11 +07:00:    - Local:        http://localhost:3000
2026-08-31 11:15:11 +07:00:    - Network:      http://10.175.209.244:3000
2026-08-31 11:15:11 +07:00: 
2026-08-31 11:15:11 +07:00:  ✓ Starting...
2026-08-31 11:15:12 +07:00:  ✓ Ready in 563ms
2026-08-31 11:17:35 +07:00:    ▲ Next.js 15.5.22
2026-08-31 11:17:35 +07:00:    - Local:        http://localhost:3000
2026-08-31 11:17:35 +07:00:    - Network:      http://10.175.209.244:3000
2026-08-31 11:17:35 +07:00: 
2026-08-31 11:17:35 +07:00:  ✓ Starting...
2026-08-31 11:17:36 +07:00:  ✓ Ready in 541ms
2026-08-31 11:19:55 +07:00:    ▲ Next.js 15.5.22
2026-08-31 11:19:55 +07:00:    - Local:        http://localhost:3000
2026-08-31 11:19:55 +07:00:    - Network:      http://10.175.209.244:3000
2026-08-31 11:19:55 +07:00: 
2026-08-31 11:19:55 +07:00:  ✓ Starting...
2026-08-31 11:19:56 +07:00:  ✓ Ready in 599ms
2026-08-31 11:22:44 +07:00:    ▲ Next.js 15.5.22
2026-08-31 11:22:44 +07:00:    - Local:        http://localhost:3000
2026-08-31 11:22:44 +07:00:    - Network:      http://10.175.209.244:3000
2026-08-31 11:22:44 +07:00: 
2026-08-31 11:22:44 +07:00:  ✓ Starting...
2026-08-31 11:22:44 +07:00:  ✓ Ready in 547ms
2026-08-31 11:25:11 +07:00:    ▲ Next.js 15.5.22
2026-08-31 11:25:11 +07:00:    - Local:        http://localhost:3000
2026-08-31 11:25:11 +07:00:    - Network:      http://10.175.209.244:3000
2026-08-31 11:25:11 +07:00: 
2026-08-31 11:25:11 +07:00:  ✓ Starting...
2026-08-31 11:25:11 +07:00:  ✓ Ready in 545ms
2026-08-31 11:26:50 +07:00:    ▲ Next.js 15.5.22
2026-08-31 11:26:50 +07:00:    - Local:        http://localhost:3000
2026-08-31 11:26:50 +07:00:    - Network:      http://10.175.209.244:3000
2026-08-31 11:26:50 +07:00: 
2026-08-31 11:26:50 +07:00:  ✓ Starting...
2026-08-31 11:26:50 +07:00:  ✓ Ready in 568ms
2026-08-31 11:30:55 +07:00:    ▲ Next.js 15.5.22
2026-08-31 11:30:55 +07:00:    - Local:        http://localhost:3000
2026-08-31 11:30:55 +07:00:    - Network:      http://10.175.209.244:3000
2026-08-31 11:30:55 +07:00: 
2026-08-31 11:30:55 +07:00:  ✓ Starting...
2026-08-31 11:30:55 +07:00:  ✓ Ready in 610ms
